id	moment	predicate	args	source
R01	PreToolUse,Stop	asks_user	acts=say	MEMORY.md OWNED FAILURES: "kept asking him"
R03	PreToolUse	second_thread_this_turn	acts=thread	MEMORY.md OWNED FAILURES: "many threads at once"
R04	PreToolUse	note_pile	acts=note	MEMORY.md OWNED FAILURES: "re-briefed a thread four times in minutes"
R05	PreToolUse,Stop	absence_unsearched	acts=say	MEMORY.md OWNED FAILURES: "then said narrowers were never applied without checking (23:27Z)"
R06	PreToolUse,Stop	relayed_number	acts=say	MEMORY.md OWNED FAILURES: "Stated thread claims as fact"
R07	PreToolUse,Stop	user_quote	acts=say;words=/mnt/project-files/VERIFY/WORDS.tsv	WORDS.tsv cmsg_01CZb217TBsj7a1uAAdtXepPCJNggdBGdenfgpZ8oQGS7U: "I didn't say that we should focus on API"
R08	PreToolUse	write_unread_paths	acts=write	WORDS.tsv:6615 (H5 REFERENT DRAWN FROM THE HEAD): "a thing pointed at, never read from source"
R09	PreToolUse	denied_retry		MEMORY.md STANDING RULES: "Never route around a permission refusal."
R10	PreToolUse	budget_exceeds_limit	acts=run	field catch 21:16Z; MEMORY.md STANDING RULES: "Predict failures up front."
R11	PreToolUse,Stop	landed_unobserved	acts=say	MEMORY.md OWNED FAILURES: "told him an in-progress step as landed (22:35Z)"
R12	PreToolUse,Stop	count_unread_path	acts=say	MEMORY.md OWNED FAILURES: "claimed before checking"
R13	PreToolUse	exact_repeat		MEMORY.md STANDING RULES: "Nothing done before may cost a token again."
