piece	status	restored_at	source_ref	values_judged_by
def:Claim	RESTORED	plugin/legacy420/plugin/makoto2/family_spec.py	e8032ec650e2e0361fecc31342ecff16b1e1994d	python3 -m pytest -q tests/test_legacy420.py
def:Obs	RESTORED	plugin/legacy420/plugin/makoto2/observed.py	e8032ec650e2e0361fecc31342ecff16b1e1994d	python3 -m pytest -q tests/test_legacy420.py
def:Reading	RESTORED	plugin/legacy420/plugin/makoto2/provenance.py	e8032ec650e2e0361fecc31342ecff16b1e1994d	python3 -m pytest -q tests/test_legacy420.py
def:Rec	RESTORED	plugin/legacy420/tests/test_hook.py	e8032ec650e2e0361fecc31342ecff16b1e1994d	python3 -m pytest -q tests/test_legacy420.py
def:Record	RESTORED	plugin/legacy420/plugin/makoto2/observed.py	e8032ec650e2e0361fecc31342ecff16b1e1994d	python3 -m pytest -q tests/test_legacy420.py
def:Spec	RESTORED	plugin/legacy420/plugin/makoto2/evaluate.py	e8032ec650e2e0361fecc31342ecff16b1e1994d	python3 -m pytest -q tests/test_legacy420.py
def:Trace	RESTORED	plugin/legacy420/plugin/makoto2/provenance.py	e8032ec650e2e0361fecc31342ecff16b1e1994d	python3 -m pytest -q tests/test_legacy420.py
def:WindowsPath	RESTORED	plugin/legacy420/tests/test_windows_paths.py	e8032ec650e2e0361fecc31342ecff16b1e1994d	python3 -m pytest -q tests/test_legacy420.py
def:__str__	RESTORED	plugin/legacy420/tests/test_windows_paths.py	e8032ec650e2e0361fecc31342ecff16b1e1994d	python3 -m pytest -q tests/test_legacy420.py
def:__truediv__	RESTORED	plugin/legacy420/tests/test_windows_paths.py	e8032ec650e2e0361fecc31342ecff16b1e1994d	python3 -m pytest -q tests/test_legacy420.py
def:_acts	RESTORED	plugin/legacy420/plugin/makoto2/evaluate.py	e8032ec650e2e0361fecc31342ecff16b1e1994d	python3 -m pytest -q tests/test_legacy420.py
def:_basename	RESTORED	plugin/legacy420/plugin/makoto2/observed.py	e8032ec650e2e0361fecc31342ecff16b1e1994d	python3 -m pytest -q tests/test_legacy420.py
def:_bash_reading	RESTORED	plugin/legacy420/plugin/makoto2/observed.py	e8032ec650e2e0361fecc31342ecff16b1e1994d	python3 -m pytest -q tests/test_legacy420.py
def:_brief_fields	RESTORED	plugin/legacy420/plugin/makoto2/evaluate.py	e8032ec650e2e0361fecc31342ecff16b1e1994d	python3 -m pytest -q tests/test_legacy420.py
def:_claims	RESTORED	plugin/legacy420/plugin/makoto2/family_other.py	e8032ec650e2e0361fecc31342ecff16b1e1994d	python3 -m pytest -q tests/test_legacy420.py
def:_denied	RESTORED	plugin/legacy420/plugin/makoto2/evaluate.py	e8032ec650e2e0361fecc31342ecff16b1e1994d	python3 -m pytest -q tests/test_legacy420.py
def:_effective_argv	RESTORED	plugin/legacy420/plugin/makoto2/observed.py	e8032ec650e2e0361fecc31342ecff16b1e1994d	python3 -m pytest -q tests/test_legacy420.py
def:_executed	RESTORED	plugin/legacy420/plugin/makoto2/observed.py	e8032ec650e2e0361fecc31342ecff16b1e1994d	python3 -m pytest -q tests/test_legacy420.py
def:_exit_of	RESTORED	plugin/legacy420/plugin/makoto2/observed.py	e8032ec650e2e0361fecc31342ecff16b1e1994d	python3 -m pytest -q tests/test_legacy420.py
def:_facts	RESTORED	plugin/legacy420/plugin/makoto2/family_other.py	e8032ec650e2e0361fecc31342ecff16b1e1994d	python3 -m pytest -q tests/test_legacy420.py
def:_failed_test_subjects	RESTORED	plugin/legacy420/plugin/makoto2/evaluate.py	e8032ec650e2e0361fecc31342ecff16b1e1994d	python3 -m pytest -q tests/test_legacy420.py
def:_flatten	RESTORED	plugin/legacy420/plugin/makoto2/observed.py	e8032ec650e2e0361fecc31342ecff16b1e1994d	python3 -m pytest -q tests/test_legacy420.py
def:_input_objects	RESTORED	plugin/legacy420/plugin/makoto2/observed.py	e8032ec650e2e0361fecc31342ecff16b1e1994d	python3 -m pytest -q tests/test_legacy420.py
def:_is_act	RESTORED	plugin/legacy420/plugin/makoto2/evaluate.py	e8032ec650e2e0361fecc31342ecff16b1e1994d	python3 -m pytest -q tests/test_legacy420.py
def:_last_same_call	RESTORED	plugin/legacy420/plugin/makoto2/evaluate.py	e8032ec650e2e0361fecc31342ecff16b1e1994d	python3 -m pytest -q tests/test_legacy420.py
def:_load_r	RESTORED	plugin/legacy420/plugin/makoto2/evaluate.py	e8032ec650e2e0361fecc31342ecff16b1e1994d	python3 -m pytest -q tests/test_legacy420.py
def:_names	RESTORED	plugin/legacy420/plugin/makoto2/evaluate.py	e8032ec650e2e0361fecc31342ecff16b1e1994d	python3 -m pytest -q tests/test_legacy420.py
def:_nested_command	RESTORED	plugin/legacy420/plugin/makoto2/observed.py	e8032ec650e2e0361fecc31342ecff16b1e1994d	python3 -m pytest -q tests/test_legacy420.py
def:_norm	RESTORED	plugin/legacy420/plugin/makoto2/evaluate.py	e8032ec650e2e0361fecc31342ecff16b1e1994d	python3 -m pytest -q tests/test_legacy420.py
def:_normalize_segment_argv	RESTORED	plugin/legacy420/plugin/makoto2/observed.py	e8032ec650e2e0361fecc31342ecff16b1e1994d	python3 -m pytest -q tests/test_legacy420.py
def:_obs	RESTORED	plugin/legacy420/tests/test_restored_fixes.py	e8032ec650e2e0361fecc31342ecff16b1e1994d	python3 -m pytest -q tests/test_legacy420.py
def:_primary	RESTORED	plugin/legacy420/plugin/makoto2/evaluate.py	e8032ec650e2e0361fecc31342ecff16b1e1994d	python3 -m pytest -q tests/test_legacy420.py
def:_read	RESTORED	plugin/legacy420/plugin/makoto2/observed.py	e8032ec650e2e0361fecc31342ecff16b1e1994d	python3 -m pytest -q tests/test_legacy420.py
def:_read_claims	RESTORED	plugin/legacy420/plugin/makoto2/claim_reader.py	e8032ec650e2e0361fecc31342ecff16b1e1994d	python3 -m pytest -q tests/test_legacy420.py
def:_s_find	RESTORED	plugin/legacy420/plugin/makoto2/observed.py	e8032ec650e2e0361fecc31342ecff16b1e1994d	python3 -m pytest -q tests/test_legacy420.py
def:_s_grep	RESTORED	plugin/legacy420/plugin/makoto2/observed.py	e8032ec650e2e0361fecc31342ecff16b1e1994d	python3 -m pytest -q tests/test_legacy420.py
def:_s_ls	RESTORED	plugin/legacy420/plugin/makoto2/observed.py	e8032ec650e2e0361fecc31342ecff16b1e1994d	python3 -m pytest -q tests/test_legacy420.py
def:_search_of	RESTORED	plugin/legacy420/plugin/makoto2/observed.py	e8032ec650e2e0361fecc31342ecff16b1e1994d	python3 -m pytest -q tests/test_legacy420.py
def:_segments	RESTORED	plugin/legacy420/plugin/makoto2/observed.py	e8032ec650e2e0361fecc31342ecff16b1e1994d	python3 -m pytest -q tests/test_legacy420.py
def:_sentences	RESTORED	plugin/legacy420/plugin/makoto2/evaluate.py	e8032ec650e2e0361fecc31342ecff16b1e1994d	python3 -m pytest -q tests/test_legacy420.py
def:_shell_path_escapes	RESTORED	plugin/legacy420/plugin/makoto2/observed.py	e8032ec650e2e0361fecc31342ecff16b1e1994d	python3 -m pytest -q tests/test_legacy420.py
def:_strip_quoted	RESTORED	plugin/legacy420/plugin/makoto2/evaluate.py	e8032ec650e2e0361fecc31342ecff16b1e1994d	python3 -m pytest -q tests/test_legacy420.py
def:_target	RESTORED	plugin/legacy420/plugin/makoto2/evaluate.py	e8032ec650e2e0361fecc31342ecff16b1e1994d	python3 -m pytest -q tests/test_legacy420.py
def:_text_objects	RESTORED	plugin/legacy420/plugin/makoto2/observed.py	e8032ec650e2e0361fecc31342ecff16b1e1994d	python3 -m pytest -q tests/test_legacy420.py
def:_text_of	RESTORED	plugin/legacy420/plugin/makoto2/evaluate.py	e8032ec650e2e0361fecc31342ecff16b1e1994d	python3 -m pytest -q tests/test_legacy420.py
def:_tree	RESTORED	plugin/legacy420/plugin/makoto2/family_other.py	e8032ec650e2e0361fecc31342ecff16b1e1994d	python3 -m pytest -q tests/test_legacy420.py
def:_unnamed_failures	RESTORED	plugin/legacy420/plugin/makoto2/evaluate.py	e8032ec650e2e0361fecc31342ecff16b1e1994d	python3 -m pytest -q tests/test_legacy420.py
def:_user_entries	RESTORED	plugin/legacy420/plugin/makoto2/observed.py	e8032ec650e2e0361fecc31342ecff16b1e1994d	python3 -m pytest -q tests/test_legacy420.py
def:_user_texts_of	RESTORED	plugin/legacy420/plugin/makoto2/evaluate.py	e8032ec650e2e0361fecc31342ecff16b1e1994d	python3 -m pytest -q tests/test_legacy420.py
def:_value_objects	RESTORED	plugin/legacy420/plugin/makoto2/observed.py	e8032ec650e2e0361fecc31342ecff16b1e1994d	python3 -m pytest -q tests/test_legacy420.py
def:_w_copy	RESTORED	plugin/legacy420/plugin/makoto2/observed.py	e8032ec650e2e0361fecc31342ecff16b1e1994d	python3 -m pytest -q tests/test_legacy420.py
def:_w_inplace	RESTORED	plugin/legacy420/plugin/makoto2/observed.py	e8032ec650e2e0361fecc31342ecff16b1e1994d	python3 -m pytest -q tests/test_legacy420.py
def:_w_mkdir	RESTORED	plugin/legacy420/plugin/makoto2/observed.py	e8032ec650e2e0361fecc31342ecff16b1e1994d	python3 -m pytest -q tests/test_legacy420.py
def:_w_none	RESTORED	plugin/legacy420/plugin/makoto2/observed.py	e8032ec650e2e0361fecc31342ecff16b1e1994d	python3 -m pytest -q tests/test_legacy420.py
def:_w_tee	RESTORED	plugin/legacy420/plugin/makoto2/observed.py	e8032ec650e2e0361fecc31342ecff16b1e1994d	python3 -m pytest -q tests/test_legacy420.py
def:_w_touch	RESTORED	plugin/legacy420/plugin/makoto2/observed.py	e8032ec650e2e0361fecc31342ecff16b1e1994d	python3 -m pytest -q tests/test_legacy420.py
def:_w_truncate	RESTORED	plugin/legacy420/plugin/makoto2/observed.py	e8032ec650e2e0361fecc31342ecff16b1e1994d	python3 -m pytest -q tests/test_legacy420.py
def:_walk_user_texts	RESTORED	plugin/legacy420/plugin/makoto2/evaluate.py	e8032ec650e2e0361fecc31342ecff16b1e1994d	python3 -m pytest -q tests/test_legacy420.py
def:_words_text	RESTORED	plugin/legacy420/plugin/makoto2/evaluate.py	e8032ec650e2e0361fecc31342ecff16b1e1994d	python3 -m pytest -q tests/test_legacy420.py
def:absence_owes	RESTORED	plugin/legacy420/plugin/makoto2/evaluate.py	e8032ec650e2e0361fecc31342ecff16b1e1994d	python3 -m pytest -q tests/test_legacy420.py
def:absence_pays	RESTORED	plugin/legacy420/plugin/makoto2/evaluate.py	e8032ec650e2e0361fecc31342ecff16b1e1994d	python3 -m pytest -q tests/test_legacy420.py
def:act	RESTORED	plugin/legacy420/tests/test_lineage.py	e8032ec650e2e0361fecc31342ecff16b1e1994d	python3 -m pytest -q tests/test_legacy420.py
def:act_kinds	RESTORED	plugin/legacy420/plugin/makoto2/observed.py	e8032ec650e2e0361fecc31342ecff16b1e1994d	python3 -m pytest -q tests/test_legacy420.py
def:always	RESTORED	plugin/legacy420/tests/test_hook.py	e8032ec650e2e0361fecc31342ecff16b1e1994d	python3 -m pytest -q tests/test_legacy420.py
def:anchor	RESTORED	plugin/legacy420/plugin/makoto2/family_lineage.py	e8032ec650e2e0361fecc31342ecff16b1e1994d	python3 -m pytest -q tests/test_legacy420.py
def:args	RESTORED	plugin/legacy420/plugin/makoto2/family_spec.py	e8032ec650e2e0361fecc31342ecff16b1e1994d	python3 -m pytest -q tests/test_legacy420.py
def:asks_owes	RESTORED	plugin/legacy420/plugin/makoto2/evaluate.py	e8032ec650e2e0361fecc31342ecff16b1e1994d	python3 -m pytest -q tests/test_legacy420.py
def:bash	RESTORED	plugin/legacy420/tests/test_observed.py	e8032ec650e2e0361fecc31342ecff16b1e1994d	python3 -m pytest -q tests/test_legacy420.py
def:behavior	RESTORED	plugin/legacy420/plugin/makoto2/denominators.py	e8032ec650e2e0361fecc31342ecff16b1e1994d	python3 -m pytest -q tests/test_legacy420.py
def:budget	RESTORED	plugin/legacy420/plugin/makoto2/denominators.py	e8032ec650e2e0361fecc31342ecff16b1e1994d	python3 -m pytest -q tests/test_legacy420.py
def:candidate	RESTORED	plugin/legacy420/tests/test_family_integration.py	e8032ec650e2e0361fecc31342ecff16b1e1994d	python3 -m pytest -q tests/test_legacy420.py
def:cited_references	RESTORED	plugin/legacy420/plugin/makoto2/family_lineage.py	e8032ec650e2e0361fecc31342ecff16b1e1994d	python3 -m pytest -q tests/test_legacy420.py
def:claim	RESTORED	plugin/legacy420/tests/test_provenance.py	e8032ec650e2e0361fecc31342ecff16b1e1994d	python3 -m pytest -q tests/test_legacy420.py
def:claims	RESTORED	plugin/legacy420/plugin/makoto2/family_spec.py	e8032ec650e2e0361fecc31342ecff16b1e1994d	python3 -m pytest -q tests/test_legacy420.py
def:close_segment	RESTORED	plugin/legacy420/plugin/makoto2/observed.py	e8032ec650e2e0361fecc31342ecff16b1e1994d	python3 -m pytest -q tests/test_legacy420.py
def:combined_options	RESTORED	plugin/legacy420/plugin/makoto2/denominators.py	e8032ec650e2e0361fecc31342ecff16b1e1994d	python3 -m pytest -q tests/test_legacy420.py
def:constant_checker	RESTORED	plugin/legacy420/plugin/makoto2/denominators.py	e8032ec650e2e0361fecc31342ecff16b1e1994d	python3 -m pytest -q tests/test_legacy420.py
def:content	RESTORED	plugin/legacy420/plugin/makoto2/family_spec.py	e8032ec650e2e0361fecc31342ecff16b1e1994d	python3 -m pytest -q tests/test_legacy420.py
def:content_references	RESTORED	plugin/legacy420/plugin/makoto2/family_lineage.py	e8032ec650e2e0361fecc31342ecff16b1e1994d	python3 -m pytest -q tests/test_legacy420.py
def:contract	RESTORED	plugin/legacy420/plugin/makoto2/denominators.py	e8032ec650e2e0361fecc31342ecff16b1e1994d	python3 -m pytest -q tests/test_legacy420.py
def:count_owes	RESTORED	plugin/legacy420/plugin/makoto2/evaluate.py	e8032ec650e2e0361fecc31342ecff16b1e1994d	python3 -m pytest -q tests/test_legacy420.py
def:crash	RESTORED	plugin/legacy420/tests/test_family_switch.py	e8032ec650e2e0361fecc31342ecff16b1e1994d	python3 -m pytest -q tests/test_legacy420.py
def:current	RESTORED	plugin/legacy420/plugin/makoto2/provenance.py	e8032ec650e2e0361fecc31342ecff16b1e1994d	python3 -m pytest -q tests/test_legacy420.py
def:detect	RESTORED	plugin/legacy420/tests/test_structural_rules.py	e8032ec650e2e0361fecc31342ecff16b1e1994d	python3 -m pytest -q tests/test_legacy420.py
def:dispatch_pins_owes	RESTORED	plugin/legacy420/plugin/makoto2/evaluate.py	e8032ec650e2e0361fecc31342ecff16b1e1994d	python3 -m pytest -q tests/test_legacy420.py
def:dispatch_schema_owes	RESTORED	plugin/legacy420/plugin/makoto2/evaluate.py	e8032ec650e2e0361fecc31342ecff16b1e1994d	python3 -m pytest -q tests/test_legacy420.py
def:duplicates	RESTORED	plugin/legacy420/plugin/makoto2/denominators.py	e8032ec650e2e0361fecc31342ecff16b1e1994d	python3 -m pytest -q tests/test_legacy420.py
def:emit	RESTORED	plugin/legacy420/plugin/makoto2/family_switch.py	e8032ec650e2e0361fecc31342ecff16b1e1994d	python3 -m pytest -q tests/test_legacy420.py
def:ev_	RESTORED	plugin/legacy420/tests/test_hook.py	e8032ec650e2e0361fecc31342ecff16b1e1994d	python3 -m pytest -q tests/test_legacy420.py
def:every_member	RESTORED	plugin/legacy420/plugin/makoto2/denominators.py	e8032ec650e2e0361fecc31342ecff16b1e1994d	python3 -m pytest -q tests/test_legacy420.py
def:exit_of	RESTORED	plugin/legacy420/plugin/makoto2/family_spec.py	e8032ec650e2e0361fecc31342ecff16b1e1994d	python3 -m pytest -q tests/test_legacy420.py
def:fail_closed	RESTORED	plugin/legacy420/plugin/makoto2/denominators.py	e8032ec650e2e0361fecc31342ecff16b1e1994d	python3 -m pytest -q tests/test_legacy420.py
def:family_findings	RESTORED	plugin/legacy420/plugin/makoto2/evaluate.py	e8032ec650e2e0361fecc31342ecff16b1e1994d	python3 -m pytest -q tests/test_legacy420.py
def:finding	RESTORED	plugin/legacy420/plugin/makoto2/family_spec.py	e8032ec650e2e0361fecc31342ecff16b1e1994d	python3 -m pytest -q tests/test_legacy420.py
def:findings	RESTORED	plugin/legacy420/plugin/makoto2/denominators.py	e8032ec650e2e0361fecc31342ecff16b1e1994d	python3 -m pytest -q tests/test_legacy420.py
def:hook_lineage_refs	RESTORED	plugin/legacy420/plugin/makoto2/family_lineage.py	e8032ec650e2e0361fecc31342ecff16b1e1994d	python3 -m pytest -q tests/test_legacy420.py
def:ident	RESTORED	plugin/legacy420/tests/test_lineage.py	e8032ec650e2e0361fecc31342ecff16b1e1994d	python3 -m pytest -q tests/test_legacy420.py
def:input_text	RESTORED	plugin/legacy420/plugin/makoto2/family_lineage.py	e8032ec650e2e0361fecc31342ecff16b1e1994d	python3 -m pytest -q tests/test_legacy420.py
def:is_verifier	RESTORED	plugin/legacy420/plugin/makoto2/family_spec.py	e8032ec650e2e0361fecc31342ecff16b1e1994d	python3 -m pytest -q tests/test_legacy420.py
def:landed_owes	RESTORED	plugin/legacy420/plugin/makoto2/evaluate.py	e8032ec650e2e0361fecc31342ecff16b1e1994d	python3 -m pytest -q tests/test_legacy420.py
def:landed_pays	RESTORED	plugin/legacy420/plugin/makoto2/evaluate.py	e8032ec650e2e0361fecc31342ecff16b1e1994d	python3 -m pytest -q tests/test_legacy420.py
def:lineage	RESTORED	plugin/legacy420/plugin/makoto2/four_checks.py	e8032ec650e2e0361fecc31342ecff16b1e1994d	python3 -m pytest -q tests/test_legacy420.py
def:lineage_absence	RESTORED	plugin/legacy420/plugin/makoto2/family_lineage.py	e8032ec650e2e0361fecc31342ecff16b1e1994d	python3 -m pytest -q tests/test_legacy420.py
def:lineage_drift	RESTORED	plugin/legacy420/plugin/makoto2/family_lineage.py	e8032ec650e2e0361fecc31342ecff16b1e1994d	python3 -m pytest -q tests/test_legacy420.py
def:lineage_edit	RESTORED	plugin/legacy420/plugin/makoto2/family_lineage.py	e8032ec650e2e0361fecc31342ecff16b1e1994d	python3 -m pytest -q tests/test_legacy420.py
def:lineage_pin	RESTORED	plugin/legacy420/plugin/makoto2/family_lineage.py	e8032ec650e2e0361fecc31342ecff16b1e1994d	python3 -m pytest -q tests/test_legacy420.py
def:lineage_provenance	RESTORED	plugin/legacy420/plugin/makoto2/family_lineage.py	e8032ec650e2e0361fecc31342ecff16b1e1994d	python3 -m pytest -q tests/test_legacy420.py
def:lineage_refs	RESTORED	plugin/legacy420/plugin/makoto2/family_lineage.py	e8032ec650e2e0361fecc31342ecff16b1e1994d	python3 -m pytest -q tests/test_legacy420.py
def:lineage_units	RESTORED	plugin/legacy420/plugin/makoto2/family_lineage.py	e8032ec650e2e0361fecc31342ecff16b1e1994d	python3 -m pytest -q tests/test_legacy420.py
def:literal_measurement	RESTORED	plugin/legacy420/plugin/makoto2/denominators.py	e8032ec650e2e0361fecc31342ecff16b1e1994d	python3 -m pytest -q tests/test_legacy420.py
def:load_cfg	RESTORED	plugin/legacy420/plugin/makoto2/evaluate.py	e8032ec650e2e0361fecc31342ecff16b1e1994d	python3 -m pytest -q tests/test_legacy420.py
def:load_rows	RESTORED	plugin/legacy420/plugin/makoto2/evaluate.py	e8032ec650e2e0361fecc31342ecff16b1e1994d	python3 -m pytest -q tests/test_legacy420.py
def:local	RESTORED	plugin/legacy420/tests/test_windows_paths.py	e8032ec650e2e0361fecc31342ecff16b1e1994d	python3 -m pytest -q tests/test_legacy420.py
def:matches	RESTORED	plugin/legacy420/plugin/makoto2/family_spec.py	e8032ec650e2e0361fecc31342ecff16b1e1994d	python3 -m pytest -q tests/test_legacy420.py
def:mkdir	RESTORED	plugin/legacy420/tests/test_windows_paths.py	e8032ec650e2e0361fecc31342ecff16b1e1994d	python3 -m pytest -q tests/test_legacy420.py
def:named_failure_identities	RESTORED	plugin/legacy420/plugin/makoto2/claim_reader.py	e8032ec650e2e0361fecc31342ecff16b1e1994d	python3 -m pytest -q tests/test_legacy420.py
def:never	RESTORED	plugin/legacy420/tests/test_hook.py	e8032ec650e2e0361fecc31342ecff16b1e1994d	python3 -m pytest -q tests/test_legacy420.py
def:number_owes	RESTORED	plugin/legacy420/plugin/makoto2/evaluate.py	e8032ec650e2e0361fecc31342ecff16b1e1994d	python3 -m pytest -q tests/test_legacy420.py
def:number_pays	RESTORED	plugin/legacy420/plugin/makoto2/evaluate.py	e8032ec650e2e0361fecc31342ecff16b1e1994d	python3 -m pytest -q tests/test_legacy420.py
def:o_once	RESTORED	plugin/legacy420/plugin/makoto2/hook.py	e8032ec650e2e0361fecc31342ecff16b1e1994d	python3 -m pytest -q tests/test_legacy420.py
def:objects_of	RESTORED	plugin/legacy420/plugin/makoto2/observed.py	e8032ec650e2e0361fecc31342ecff16b1e1994d	python3 -m pytest -q tests/test_legacy420.py
def:observation	RESTORED	plugin/legacy420/tests/test_evaluate.py	e8032ec650e2e0361fecc31342ecff16b1e1994d	python3 -m pytest -q tests/test_legacy420.py
def:observed	RESTORED	plugin/legacy420/plugin/makoto2/observed.py	e8032ec650e2e0361fecc31342ecff16b1e1994d	python3 -m pytest -q tests/test_legacy420.py
def:observed_reference	RESTORED	plugin/legacy420/plugin/makoto2/family_lineage.py	e8032ec650e2e0361fecc31342ecff16b1e1994d	python3 -m pytest -q tests/test_legacy420.py
def:origins	RESTORED	plugin/legacy420/plugin/makoto2/provenance.py	e8032ec650e2e0361fecc31342ecff16b1e1994d	python3 -m pytest -q tests/test_legacy420.py
def:other_claim	RESTORED	plugin/legacy420/plugin/makoto2/family_other.py	e8032ec650e2e0361fecc31342ecff16b1e1994d	python3 -m pytest -q tests/test_legacy420.py
def:other_environment	RESTORED	plugin/legacy420/plugin/makoto2/family_other.py	e8032ec650e2e0361fecc31342ecff16b1e1994d	python3 -m pytest -q tests/test_legacy420.py
def:other_normalization	RESTORED	plugin/legacy420/plugin/makoto2/family_other.py	e8032ec650e2e0361fecc31342ecff16b1e1994d	python3 -m pytest -q tests/test_legacy420.py
def:other_plan	RESTORED	plugin/legacy420/plugin/makoto2/family_other.py	e8032ec650e2e0361fecc31342ecff16b1e1994d	python3 -m pytest -q tests/test_legacy420.py
def:other_point	RESTORED	plugin/legacy420/plugin/makoto2/four_checks.py	e8032ec650e2e0361fecc31342ecff16b1e1994d	python3 -m pytest -q tests/test_legacy420.py
def:other_run	RESTORED	plugin/legacy420/plugin/makoto2/family_other.py	e8032ec650e2e0361fecc31342ecff16b1e1994d	python3 -m pytest -q tests/test_legacy420.py
def:other_witness	RESTORED	plugin/legacy420/plugin/makoto2/family_other.py	e8032ec650e2e0361fecc31342ecff16b1e1994d	python3 -m pytest -q tests/test_legacy420.py
def:other_write	RESTORED	plugin/legacy420/plugin/makoto2/family_other.py	e8032ec650e2e0361fecc31342ecff16b1e1994d	python3 -m pytest -q tests/test_legacy420.py
def:output_text	RESTORED	plugin/legacy420/plugin/makoto2/claim_reader.py	e8032ec650e2e0361fecc31342ecff16b1e1994d	python3 -m pytest -q tests/test_legacy420.py
def:pays	RESTORED	plugin/legacy420/plugin/makoto2/evaluate.py	e8032ec650e2e0361fecc31342ecff16b1e1994d	python3 -m pytest -q tests/test_legacy420.py
def:pile_owes	RESTORED	plugin/legacy420/plugin/makoto2/evaluate.py	e8032ec650e2e0361fecc31342ecff16b1e1994d	python3 -m pytest -q tests/test_legacy420.py
def:pile_pays	RESTORED	plugin/legacy420/plugin/makoto2/evaluate.py	e8032ec650e2e0361fecc31342ecff16b1e1994d	python3 -m pytest -q tests/test_legacy420.py
def:pre	RESTORED	plugin/legacy420/plugin/makoto2/family_spec.py	e8032ec650e2e0361fecc31342ecff16b1e1994d	python3 -m pytest -q tests/test_legacy420.py
def:preservation	RESTORED	plugin/legacy420/plugin/makoto2/denominators.py	e8032ec650e2e0361fecc31342ecff16b1e1994d	python3 -m pytest -q tests/test_legacy420.py
def:protect	RESTORED	plugin/legacy420/plugin/makoto2/observed.py	e8032ec650e2e0361fecc31342ecff16b1e1994d	python3 -m pytest -q tests/test_legacy420.py
def:quote_owes	RESTORED	plugin/legacy420/plugin/makoto2/evaluate.py	e8032ec650e2e0361fecc31342ecff16b1e1994d	python3 -m pytest -q tests/test_legacy420.py
def:quote_pays	RESTORED	plugin/legacy420/plugin/makoto2/evaluate.py	e8032ec650e2e0361fecc31342ecff16b1e1994d	python3 -m pytest -q tests/test_legacy420.py
def:quote_seed	RESTORED	plugin/legacy420/plugin/makoto2/evaluate.py	e8032ec650e2e0361fecc31342ecff16b1e1994d	python3 -m pytest -q tests/test_legacy420.py
def:read_claims	RESTORED	plugin/legacy420/plugin/makoto2/claim_reader.py	e8032ec650e2e0361fecc31342ecff16b1e1994d	python3 -m pytest -q tests/test_legacy420.py
def:read_pays	RESTORED	plugin/legacy420/plugin/makoto2/evaluate.py	e8032ec650e2e0361fecc31342ecff16b1e1994d	python3 -m pytest -q tests/test_legacy420.py
def:readings	RESTORED	plugin/legacy420/plugin/makoto2/family_lineage.py	e8032ec650e2e0361fecc31342ecff16b1e1994d	python3 -m pytest -q tests/test_legacy420.py
def:reason	RESTORED	plugin/legacy420/tests/test_tells.py	e8032ec650e2e0361fecc31342ecff16b1e1994d	python3 -m pytest -q tests/test_legacy420.py
def:rec	RESTORED	plugin/legacy420/tests/acceptance_tasks.py	e8032ec650e2e0361fecc31342ecff16b1e1994d	python3 -m pytest -q tests/test_legacy420.py
def:record	RESTORED	plugin/legacy420/plugin/makoto2/observed.py	e8032ec650e2e0361fecc31342ecff16b1e1994d	python3 -m pytest -q tests/test_legacy420.py
def:relay_sources	RESTORED	plugin/legacy420/plugin/makoto2/provenance.py	e8032ec650e2e0361fecc31342ecff16b1e1994d	python3 -m pytest -q tests/test_legacy420.py
def:repeat_owes	RESTORED	plugin/legacy420/plugin/makoto2/evaluate.py	e8032ec650e2e0361fecc31342ecff16b1e1994d	python3 -m pytest -q tests/test_legacy420.py
def:replaced_receipt	RESTORED	plugin/legacy420/plugin/makoto2/provenance.py	e8032ec650e2e0361fecc31342ecff16b1e1994d	python3 -m pytest -q tests/test_legacy420.py
def:reply	RESTORED	plugin/legacy420/tests/test_evaluate.py	e8032ec650e2e0361fecc31342ecff16b1e1994d	python3 -m pytest -q tests/test_legacy420.py
def:retry_bound	RESTORED	plugin/legacy420/plugin/makoto2/denominators.py	e8032ec650e2e0361fecc31342ecff16b1e1994d	python3 -m pytest -q tests/test_legacy420.py
def:rows	RESTORED	plugin/legacy420/tests/test_evaluate.py	e8032ec650e2e0361fecc31342ecff16b1e1994d	python3 -m pytest -q tests/test_legacy420.py
def:run_payloads	RESTORED	plugin/legacy420/tests/test_goal.py	e8032ec650e2e0361fecc31342ecff16b1e1994d	python3 -m pytest -q tests/test_legacy420.py
def:run_session	RESTORED	plugin/legacy420/tests/test_dispatch.py	e8032ec650e2e0361fecc31342ecff16b1e1994d	python3 -m pytest -q tests/test_legacy420.py
def:section_identity	RESTORED	plugin/legacy420/plugin/makoto2/denominators.py	e8032ec650e2e0361fecc31342ecff16b1e1994d	python3 -m pytest -q tests/test_legacy420.py
def:seen	RESTORED	plugin/legacy420/tests/test_observed.py	e8032ec650e2e0361fecc31342ecff16b1e1994d	python3 -m pytest -q tests/test_legacy420.py
def:settled	RESTORED	plugin/legacy420/plugin/makoto2/family_spec.py	e8032ec650e2e0361fecc31342ecff16b1e1994d	python3 -m pytest -q tests/test_legacy420.py
def:shared_owner	RESTORED	plugin/legacy420/plugin/makoto2/denominators.py	e8032ec650e2e0361fecc31342ecff16b1e1994d	python3 -m pytest -q tests/test_legacy420.py
def:shipping_observed	RESTORED	plugin/legacy420/plugin/makoto2/family_spec.py	e8032ec650e2e0361fecc31342ecff16b1e1994d	python3 -m pytest -q tests/test_legacy420.py
def:spec	RESTORED	plugin/legacy420/plugin/makoto2/four_checks.py	e8032ec650e2e0361fecc31342ecff16b1e1994d	python3 -m pytest -q tests/test_legacy420.py
def:spec_authorship	RESTORED	plugin/legacy420/plugin/makoto2/family_spec.py	e8032ec650e2e0361fecc31342ecff16b1e1994d	python3 -m pytest -q tests/test_legacy420.py
def:spec_budget	RESTORED	plugin/legacy420/plugin/makoto2/family_spec.py	e8032ec650e2e0361fecc31342ecff16b1e1994d	python3 -m pytest -q tests/test_legacy420.py
def:spec_claim	RESTORED	plugin/legacy420/plugin/makoto2/family_spec.py	e8032ec650e2e0361fecc31342ecff16b1e1994d	python3 -m pytest -q tests/test_legacy420.py
def:spec_history	RESTORED	plugin/legacy420/plugin/makoto2/family_spec.py	e8032ec650e2e0361fecc31342ecff16b1e1994d	python3 -m pytest -q tests/test_legacy420.py
def:spec_launch	RESTORED	plugin/legacy420/plugin/makoto2/family_spec.py	e8032ec650e2e0361fecc31342ecff16b1e1994d	python3 -m pytest -q tests/test_legacy420.py
def:spec_repeat	RESTORED	plugin/legacy420/plugin/makoto2/family_spec.py	e8032ec650e2e0361fecc31342ecff16b1e1994d	python3 -m pytest -q tests/test_legacy420.py
def:spec_terms	RESTORED	plugin/legacy420/plugin/makoto2/family_spec.py	e8032ec650e2e0361fecc31342ecff16b1e1994d	python3 -m pytest -q tests/test_legacy420.py
def:spec_tree	RESTORED	plugin/legacy420/plugin/makoto2/family_spec.py	e8032ec650e2e0361fecc31342ecff16b1e1994d	python3 -m pytest -q tests/test_legacy420.py
def:spec_write	RESTORED	plugin/legacy420/plugin/makoto2/family_spec.py	e8032ec650e2e0361fecc31342ecff16b1e1994d	python3 -m pytest -q tests/test_legacy420.py
def:stale	RESTORED	plugin/legacy420/plugin/makoto2/provenance.py	e8032ec650e2e0361fecc31342ecff16b1e1994d	python3 -m pytest -q tests/test_legacy420.py
def:suite	RESTORED	plugin/legacy420/tests/acceptance_tasks.py	e8032ec650e2e0361fecc31342ecff16b1e1994d	python3 -m pytest -q tests/test_legacy420.py
def:switch	RESTORED	plugin/legacy420/plugin/makoto2/four_checks.py	e8032ec650e2e0361fecc31342ecff16b1e1994d	python3 -m pytest -q tests/test_legacy420.py
def:switch_doc	RESTORED	plugin/legacy420/plugin/makoto2/family_switch.py	e8032ec650e2e0361fecc31342ecff16b1e1994d	python3 -m pytest -q tests/test_legacy420.py
def:switch_exit	RESTORED	plugin/legacy420/plugin/makoto2/family_switch.py	e8032ec650e2e0361fecc31342ecff16b1e1994d	python3 -m pytest -q tests/test_legacy420.py
def:switch_pass	RESTORED	plugin/legacy420/plugin/makoto2/family_switch.py	e8032ec650e2e0361fecc31342ecff16b1e1994d	python3 -m pytest -q tests/test_legacy420.py
def:switch_run	RESTORED	plugin/legacy420/plugin/makoto2/family_switch.py	e8032ec650e2e0361fecc31342ecff16b1e1994d	python3 -m pytest -q tests/test_legacy420.py
def:switch_self	RESTORED	plugin/legacy420/plugin/makoto2/family_switch.py	e8032ec650e2e0361fecc31342ecff16b1e1994d	python3 -m pytest -q tests/test_legacy420.py
def:switch_supervisor	RESTORED	plugin/legacy420/plugin/makoto2/family_switch.py	e8032ec650e2e0361fecc31342ecff16b1e1994d	python3 -m pytest -q tests/test_legacy420.py
def:switch_tree	RESTORED	plugin/legacy420/plugin/makoto2/family_switch.py	e8032ec650e2e0361fecc31342ecff16b1e1994d	python3 -m pytest -q tests/test_legacy420.py
def:switch_write	RESTORED	plugin/legacy420/plugin/makoto2/family_switch.py	e8032ec650e2e0361fecc31342ecff16b1e1994d	python3 -m pytest -q tests/test_legacy420.py
def:switch_zero	RESTORED	plugin/legacy420/plugin/makoto2/family_switch.py	e8032ec650e2e0361fecc31342ecff16b1e1994d	python3 -m pytest -q tests/test_legacy420.py
def:terms	RESTORED	plugin/legacy420/plugin/makoto2/four_checks.py	e8032ec650e2e0361fecc31342ecff16b1e1994d	python3 -m pytest -q tests/test_legacy420.py
def:test_absence_requires_independent_probe_when_observed_basis_is_unpaid	RESTORED	plugin/legacy420/tests/test_restored_fixes.py	e8032ec650e2e0361fecc31342ecff16b1e1994d	python3 -m pytest -q tests/test_legacy420.py
def:test_activity_mention_does_not_assert_a_current_verdict	RESTORED	plugin/legacy420/tests/test_claim_reader.py	e8032ec650e2e0361fecc31342ecff16b1e1994d	python3 -m pytest -q tests/test_legacy420.py
def:test_advance	RESTORED	plugin/legacy420/tests/acceptance_tasks.py	e8032ec650e2e0361fecc31342ecff16b1e1994d	python3 -m pytest -q tests/test_legacy420.py
def:test_agent_boundary_and_verifier_are_separate_history_variables	RESTORED	plugin/legacy420/tests/test_family_spec.py	e8032ec650e2e0361fecc31342ecff16b1e1994d	python3 -m pytest -q tests/test_legacy420.py
def:test_agent_history_survives_dispatch_optout	RESTORED	plugin/legacy420/tests/test_family_integration.py	e8032ec650e2e0361fecc31342ecff16b1e1994d	python3 -m pytest -q tests/test_legacy420.py
def:test_artifact	RESTORED	plugin/legacy420/tests/test_evaluate.py	e8032ec650e2e0361fecc31342ecff16b1e1994d	python3 -m pytest -q tests/test_legacy420.py
def:test_asserted_sources_require_direct_reading	RESTORED	plugin/legacy420/tests/test_restored_fixes.py	e8032ec650e2e0361fecc31342ecff16b1e1994d	python3 -m pytest -q tests/test_legacy420.py
def:test_authorship_membership_is_exact_while_messages_match	RESTORED	plugin/legacy420/tests/test_family_spec.py	e8032ec650e2e0361fecc31342ecff16b1e1994d	python3 -m pytest -q tests/test_legacy420.py
def:test_behavior_comparison	RESTORED	plugin/legacy420/tests/test_structural_rules.py	e8032ec650e2e0361fecc31342ecff16b1e1994d	python3 -m pytest -q tests/test_legacy420.py
def:test_bounded_preservation	RESTORED	plugin/legacy420/tests/test_structural_rules.py	e8032ec650e2e0361fecc31342ecff16b1e1994d	python3 -m pytest -q tests/test_legacy420.py
def:test_budget_reads_elapsed_and_preserves_equality	RESTORED	plugin/legacy420/tests/test_family_spec.py	e8032ec650e2e0361fecc31342ecff16b1e1994d	python3 -m pytest -q tests/test_legacy420.py
def:test_changed_original_needs_reading_after_change	RESTORED	plugin/legacy420/tests/test_claim_reader.py	e8032ec650e2e0361fecc31342ecff16b1e1994d	python3 -m pytest -q tests/test_legacy420.py
def:test_changed_result_at_same_offset_fires_again	RESTORED	plugin/legacy420/tests/test_restored_fixes.py	e8032ec650e2e0361fecc31342ecff16b1e1994d	python3 -m pytest -q tests/test_legacy420.py
def:test_changed_verdict_and_named_value	RESTORED	plugin/legacy420/tests/test_provenance.py	e8032ec650e2e0361fecc31342ecff16b1e1994d	python3 -m pytest -q tests/test_legacy420.py
def:test_ci_receipt_controls	RESTORED	plugin/legacy420/tests/test_hook.py	e8032ec650e2e0361fecc31342ecff16b1e1994d	python3 -m pytest -q tests/test_legacy420.py
def:test_closing_reference_requires_read	RESTORED	plugin/legacy420/tests/test_lineage.py	e8032ec650e2e0361fecc31342ecff16b1e1994d	python3 -m pytest -q tests/test_legacy420.py
def:test_combined_options	RESTORED	plugin/legacy420/tests/test_structural_rules.py	e8032ec650e2e0361fecc31342ecff16b1e1994d	python3 -m pytest -q tests/test_legacy420.py
def:test_command_observation_and_subject_update	RESTORED	plugin/legacy420/tests/test_provenance.py	e8032ec650e2e0361fecc31342ecff16b1e1994d	python3 -m pytest -q tests/test_legacy420.py
def:test_common_owner_imports_are_not_copied_implementations	RESTORED	plugin/legacy420/tests/test_denominators.py	e8032ec650e2e0361fecc31342ecff16b1e1994d	python3 -m pytest -q tests/test_legacy420.py
def:test_communicated_value_is_not_a_test_verdict	RESTORED	plugin/legacy420/tests/test_provenance.py	e8032ec650e2e0361fecc31342ecff16b1e1994d	python3 -m pytest -q tests/test_legacy420.py
def:test_config_keys_cover_config	RESTORED	plugin/legacy420/tests/test_evaluate.py	e8032ec650e2e0361fecc31342ecff16b1e1994d	python3 -m pytest -q tests/test_legacy420.py
def:test_configure	RESTORED	plugin/legacy420/tests/acceptance_tasks.py	e8032ec650e2e0361fecc31342ecff16b1e1994d	python3 -m pytest -q tests/test_legacy420.py
def:test_constant_checker	RESTORED	plugin/legacy420/tests/test_structural_rules.py	e8032ec650e2e0361fecc31342ecff16b1e1994d	python3 -m pytest -q tests/test_legacy420.py
def:test_constant_exports_are_not_unused_computations	RESTORED	plugin/legacy420/tests/test_denominators.py	e8032ec650e2e0361fecc31342ecff16b1e1994d	python3 -m pytest -q tests/test_legacy420.py
def:test_contamination_of_evaluation	RESTORED	plugin/legacy420/tests/test_structural_rules.py	e8032ec650e2e0361fecc31342ecff16b1e1994d	python3 -m pytest -q tests/test_legacy420.py
def:test_counted_failure_keeps_its_subject	RESTORED	plugin/legacy420/tests/test_evaluate.py	e8032ec650e2e0361fecc31342ecff16b1e1994d	python3 -m pytest -q tests/test_legacy420.py
def:test_current_settled_event_joins_the_record	RESTORED	plugin/legacy420/tests/test_restored_fixes.py	e8032ec650e2e0361fecc31342ecff16b1e1994d	python3 -m pytest -q tests/test_legacy420.py
def:test_declared_direction	RESTORED	plugin/legacy420/tests/test_structural_rules.py	e8032ec650e2e0361fecc31342ecff16b1e1994d	python3 -m pytest -q tests/test_legacy420.py
def:test_decode	RESTORED	plugin/legacy420/tests/acceptance_tasks.py	e8032ec650e2e0361fecc31342ecff16b1e1994d	python3 -m pytest -q tests/test_legacy420.py
def:test_deterministic	RESTORED	plugin/legacy420/tests/test_observed.py	e8032ec650e2e0361fecc31342ecff16b1e1994d	python3 -m pytest -q tests/test_legacy420.py
def:test_displayed_change_text_does_not_invalidate_another_command	RESTORED	plugin/legacy420/tests/test_provenance.py	e8032ec650e2e0361fecc31342ecff16b1e1994d	python3 -m pytest -q tests/test_legacy420.py
def:test_duplicate_resolution	RESTORED	plugin/legacy420/tests/test_structural_rules.py	e8032ec650e2e0361fecc31342ecff16b1e1994d	python3 -m pytest -q tests/test_legacy420.py
def:test_each_reference_requires_its_own_read	RESTORED	plugin/legacy420/tests/test_lineage.py	e8032ec650e2e0361fecc31342ecff16b1e1994d	python3 -m pytest -q tests/test_legacy420.py
def:test_edit_invalidates_value_without_reading_disk	RESTORED	plugin/legacy420/tests/test_provenance.py	e8032ec650e2e0361fecc31342ecff16b1e1994d	python3 -m pytest -q tests/test_legacy420.py
def:test_edit_writes_but_does_not_create	RESTORED	plugin/legacy420/tests/test_observed.py	e8032ec650e2e0361fecc31342ecff16b1e1994d	python3 -m pytest -q tests/test_legacy420.py
def:test_emit	RESTORED	plugin/legacy420/tests/acceptance_tasks.py	e8032ec650e2e0361fecc31342ecff16b1e1994d	python3 -m pytest -q tests/test_legacy420.py
def:test_evaluate	RESTORED	plugin/legacy420/tests/acceptance_tasks.py	e8032ec650e2e0361fecc31342ecff16b1e1994d	python3 -m pytest -q tests/test_legacy420.py
def:test_every_member_is_not_any	RESTORED	plugin/legacy420/tests/test_structural_rules.py	e8032ec650e2e0361fecc31342ecff16b1e1994d	python3 -m pytest -q tests/test_legacy420.py
def:test_every_row_has_a_case_and_a_verbatim_source	RESTORED	plugin/legacy420/tests/test_evaluate.py	e8032ec650e2e0361fecc31342ecff16b1e1994d	python3 -m pytest -q tests/test_legacy420.py
def:test_exact_cardinality	RESTORED	plugin/legacy420/tests/test_structural_rules.py	e8032ec650e2e0361fecc31342ecff16b1e1994d	python3 -m pytest -q tests/test_legacy420.py
def:test_explicit_commit_citations_require_primary_readings	RESTORED	plugin/legacy420/tests/test_denominators.py	e8032ec650e2e0361fecc31342ecff16b1e1994d	python3 -m pytest -q tests/test_legacy420.py
def:test_explicit_inventory_allows_required_units_and_consumed_helpers	RESTORED	plugin/legacy420/tests/test_restored_fixes.py	e8032ec650e2e0361fecc31342ecff16b1e1994d	python3 -m pytest -q tests/test_legacy420.py
def:test_fail_closed_shell	RESTORED	plugin/legacy420/tests/test_structural_rules.py	e8032ec650e2e0361fecc31342ecff16b1e1994d	python3 -m pytest -q tests/test_legacy420.py
def:test_failed_verifier_pays_doc_but_not_pass_claim	RESTORED	plugin/legacy420/tests/test_family_switch.py	e8032ec650e2e0361fecc31342ecff16b1e1994d	python3 -m pytest -q tests/test_legacy420.py
def:test_failure_counts_have_the_same_obligation_in_text_and_handoffs	RESTORED	plugin/legacy420/tests/test_denominators.py	e8032ec650e2e0361fecc31342ecff16b1e1994d	python3 -m pytest -q tests/test_legacy420.py
def:test_failure_subject_fold_and_every_name	RESTORED	plugin/legacy420/tests/test_evaluate.py	e8032ec650e2e0361fecc31342ecff16b1e1994d	python3 -m pytest -q tests/test_legacy420.py
def:test_fake	RESTORED	plugin/legacy420/tests/test_goal.py	e8032ec650e2e0361fecc31342ecff16b1e1994d	python3 -m pytest -q tests/test_legacy420.py
def:test_fake_caught_and_named	RESTORED	plugin/legacy420/tests/test_tells.py	e8032ec650e2e0361fecc31342ecff16b1e1994d	python3 -m pytest -q tests/test_legacy420.py
def:test_field_destruction_plant_neighbour_still_blocks	RESTORED	plugin/legacy420/tests/test_observed.py	e8032ec650e2e0361fecc31342ecff16b1e1994d	python3 -m pytest -q tests/test_legacy420.py
def:test_field_pasted_fix_read_only_snippets_change_no_file_and_count_as_observation	RESTORED	plugin/legacy420/tests/test_observed.py	e8032ec650e2e0361fecc31342ecff16b1e1994d	python3 -m pytest -q tests/test_legacy420.py
def:test_field_report_before_run_heredoc_fixture_quoting_verdicts	RESTORED	plugin/legacy420/tests/test_observed.py	e8032ec650e2e0361fecc31342ecff16b1e1994d	python3 -m pytest -q tests/test_legacy420.py
def:test_field_report_before_run_printf_after_run_printed_the_results	RESTORED	plugin/legacy420/tests/test_observed.py	e8032ec650e2e0361fecc31342ecff16b1e1994d	python3 -m pytest -q tests/test_legacy420.py
def:test_field_unobserved_destruction_rm_of_dirs_created_by_mkdir	RESTORED	plugin/legacy420/tests/test_observed.py	e8032ec650e2e0361fecc31342ecff16b1e1994d	python3 -m pytest -q tests/test_legacy420.py
def:test_fresh	RESTORED	plugin/legacy420/tests/acceptance_tasks.py	e8032ec650e2e0361fecc31342ecff16b1e1994d	python3 -m pytest -q tests/test_legacy420.py
def:test_gate_invokes_each_check_and_denies_crash	RESTORED	plugin/legacy420/tests/test_family_switch.py	e8032ec650e2e0361fecc31342ecff16b1e1994d	python3 -m pytest -q tests/test_legacy420.py
def:test_historical_value_and_subject_local_unverified	RESTORED	plugin/legacy420/tests/test_provenance.py	e8032ec650e2e0361fecc31342ecff16b1e1994d	python3 -m pytest -q tests/test_legacy420.py
def:test_honest	RESTORED	plugin/legacy420/tests/test_goal.py	e8032ec650e2e0361fecc31342ecff16b1e1994d	python3 -m pytest -q tests/test_legacy420.py
def:test_honest_silent	RESTORED	plugin/legacy420/tests/test_tells.py	e8032ec650e2e0361fecc31342ecff16b1e1994d	python3 -m pytest -q tests/test_legacy420.py
def:test_hook_behavior	RESTORED	plugin/legacy420/tests/test_hook.py	e8032ec650e2e0361fecc31342ecff16b1e1994d	python3 -m pytest -q tests/test_legacy420.py
def:test_i1_tests_label_presence_not_filled_cells_and_only_agent	RESTORED	plugin/legacy420/tests/test_family_spec.py	e8032ec650e2e0361fecc31342ecff16b1e1994d	python3 -m pytest -q tests/test_legacy420.py
def:test_interface_shape	RESTORED	plugin/legacy420/tests/test_observed.py	e8032ec650e2e0361fecc31342ecff16b1e1994d	python3 -m pytest -q tests/test_legacy420.py
def:test_later_failure_invalidates_success	RESTORED	plugin/legacy420/tests/test_evaluate.py	e8032ec650e2e0361fecc31342ecff16b1e1994d	python3 -m pytest -q tests/test_legacy420.py
def:test_launcher_success_is_not_job_success	RESTORED	plugin/legacy420/tests/test_evaluate.py	e8032ec650e2e0361fecc31342ecff16b1e1994d	python3 -m pytest -q tests/test_legacy420.py
def:test_literal_measurement	RESTORED	plugin/legacy420/tests/test_structural_rules.py	e8032ec650e2e0361fecc31342ecff16b1e1994d	python3 -m pytest -q tests/test_legacy420.py
def:test_loop_else_is_the_register_exclusion	RESTORED	plugin/legacy420/tests/test_family_spec.py	e8032ec650e2e0361fecc31342ecff16b1e1994d	python3 -m pytest -q tests/test_legacy420.py
def:test_match_capture_and_guard_are_not_wildcard	RESTORED	plugin/legacy420/tests/test_family_switch.py	e8032ec650e2e0361fecc31342ecff16b1e1994d	python3 -m pytest -q tests/test_legacy420.py
def:test_missing_local_source_requires_verification_or_label	RESTORED	plugin/legacy420/tests/test_lineage.py	e8032ec650e2e0361fecc31342ecff16b1e1994d	python3 -m pytest -q tests/test_legacy420.py
def:test_named_sets_are_never_guessed	RESTORED	plugin/legacy420/tests/test_family_spec.py	e8032ec650e2e0361fecc31342ecff16b1e1994d	python3 -m pytest -q tests/test_legacy420.py
def:test_named_status	RESTORED	plugin/legacy420/tests/test_evaluate.py	e8032ec650e2e0361fecc31342ecff16b1e1994d	python3 -m pytest -q tests/test_legacy420.py
def:test_native_terms_table_uses_the_same_empty_binding_predicate	RESTORED	plugin/legacy420/tests/test_denominators.py	e8032ec650e2e0361fecc31342ecff16b1e1994d	python3 -m pytest -q tests/test_legacy420.py
def:test_nonexistent_path_is_not_unread	RESTORED	plugin/legacy420/tests/test_goal.py	e8032ec650e2e0361fecc31342ecff16b1e1994d	python3 -m pytest -q tests/test_legacy420.py
def:test_observe	RESTORED	plugin/legacy420/tests/acceptance_tasks.py	e8032ec650e2e0361fecc31342ecff16b1e1994d	python3 -m pytest -q tests/test_legacy420.py
def:test_once	RESTORED	plugin/legacy420/tests/acceptance_tasks.py	e8032ec650e2e0361fecc31342ecff16b1e1994d	python3 -m pytest -q tests/test_legacy420.py
def:test_only_settled_exact_acceptance_pays	RESTORED	plugin/legacy420/tests/test_dispatch.py	e8032ec650e2e0361fecc31342ecff16b1e1994d	python3 -m pytest -q tests/test_legacy420.py
def:test_optout_has_no_dispatch_contract	RESTORED	plugin/legacy420/tests/test_dispatch.py	e8032ec650e2e0361fecc31342ecff16b1e1994d	python3 -m pytest -q tests/test_legacy420.py
def:test_outer_budget	RESTORED	plugin/legacy420/tests/test_structural_rules.py	e8032ec650e2e0361fecc31342ecff16b1e1994d	python3 -m pytest -q tests/test_legacy420.py
def:test_output_naming_an_object_observes_it	RESTORED	plugin/legacy420/tests/test_observed.py	e8032ec650e2e0361fecc31342ecff16b1e1994d	python3 -m pytest -q tests/test_legacy420.py
def:test_package	RESTORED	plugin/legacy420/tests/acceptance_tasks.py	e8032ec650e2e0361fecc31342ecff16b1e1994d	python3 -m pytest -q tests/test_legacy420.py
def:test_persist	RESTORED	plugin/legacy420/tests/acceptance_tasks.py	e8032ec650e2e0361fecc31342ecff16b1e1994d	python3 -m pytest -q tests/test_legacy420.py
def:test_plant_before_bound	RESTORED	plugin/legacy420/tests/test_observed.py	e8032ec650e2e0361fecc31342ecff16b1e1994d	python3 -m pytest -q tests/test_legacy420.py
def:test_plant_blocks_and_lookalike_silent	RESTORED	plugin/legacy420/tests/test_evaluate.py	e8032ec650e2e0361fecc31342ecff16b1e1994d	python3 -m pytest -q tests/test_legacy420.py
def:test_plant_code_call_is_not_a_file	RESTORED	plugin/legacy420/tests/test_observed.py	e8032ec650e2e0361fecc31342ecff16b1e1994d	python3 -m pytest -q tests/test_legacy420.py
def:test_plant_denied_call_did_not_execute	RESTORED	plugin/legacy420/tests/test_observed.py	e8032ec650e2e0361fecc31342ecff16b1e1994d	python3 -m pytest -q tests/test_legacy420.py
def:test_plant_empty_history	RESTORED	plugin/legacy420/tests/test_observed.py	e8032ec650e2e0361fecc31342ecff16b1e1994d	python3 -m pytest -q tests/test_legacy420.py
def:test_plant_parent_directory_does_not_observe_child	RESTORED	plugin/legacy420/tests/test_observed.py	e8032ec650e2e0361fecc31342ecff16b1e1994d	python3 -m pytest -q tests/test_legacy420.py
def:test_plant_program_name_is_not_an_object_of_observation	RESTORED	plugin/legacy420/tests/test_observed.py	e8032ec650e2e0361fecc31342ecff16b1e1994d	python3 -m pytest -q tests/test_legacy420.py
def:test_plant_unobserved_object_blocks	RESTORED	plugin/legacy420/tests/test_observed.py	e8032ec650e2e0361fecc31342ecff16b1e1994d	python3 -m pytest -q tests/test_legacy420.py
def:test_plant_unsettled_event_observes_nothing	RESTORED	plugin/legacy420/tests/test_observed.py	e8032ec650e2e0361fecc31342ecff16b1e1994d	python3 -m pytest -q tests/test_legacy420.py
def:test_plant_verdict_with_no_earlier_run	RESTORED	plugin/legacy420/tests/test_observed.py	e8032ec650e2e0361fecc31342ecff16b1e1994d	python3 -m pytest -q tests/test_legacy420.py
def:test_point_comparison_requires_the_same_subject	RESTORED	plugin/legacy420/tests/test_claim_reader.py	e8032ec650e2e0361fecc31342ecff16b1e1994d	python3 -m pytest -q tests/test_legacy420.py
def:test_posix_case_urls_and_counts_remain_distinct	RESTORED	plugin/legacy420/tests/test_windows_paths.py	e8032ec650e2e0361fecc31342ecff16b1e1994d	python3 -m pytest -q tests/test_legacy420.py
def:test_posix_shell_escapes	RESTORED	plugin/legacy420/tests/test_windows_paths.py	e8032ec650e2e0361fecc31342ecff16b1e1994d	python3 -m pytest -q tests/test_legacy420.py
def:test_pre_events_never_become_settled_observations	RESTORED	plugin/legacy420/tests/test_family_spec.py	e8032ec650e2e0361fecc31342ecff16b1e1994d	python3 -m pytest -q tests/test_legacy420.py
def:test_preserving_whole_write_must_keep_unrelated_lines	RESTORED	plugin/legacy420/tests/test_restored_fixes.py	e8032ec650e2e0361fecc31342ecff16b1e1994d	python3 -m pytest -q tests/test_legacy420.py
def:test_primary_iso_timestamp_pays_minute_projection	RESTORED	plugin/legacy420/tests/test_provenance.py	e8032ec650e2e0361fecc31342ecff16b1e1994d	python3 -m pytest -q tests/test_legacy420.py
def:test_read_line_has_the_register_pin	RESTORED	plugin/legacy420/tests/test_dispatch.py	e8032ec650e2e0361fecc31342ecff16b1e1994d	python3 -m pytest -q tests/test_legacy420.py
def:test_read_object_is_observed	RESTORED	plugin/legacy420/tests/test_observed.py	e8032ec650e2e0361fecc31342ecff16b1e1994d	python3 -m pytest -q tests/test_legacy420.py
def:test_reading_own_answer_does_not_create_a_source	RESTORED	plugin/legacy420/tests/test_lineage.py	e8032ec650e2e0361fecc31342ecff16b1e1994d	python3 -m pytest -q tests/test_legacy420.py
def:test_reading_the_prior_artifact_pays_the_overwrite_obligation	RESTORED	plugin/legacy420/tests/test_denominators.py	e8032ec650e2e0361fecc31342ecff16b1e1994d	python3 -m pytest -q tests/test_legacy420.py
def:test_real_session	RESTORED	plugin/legacy420/tests/test_real_session.py	e8032ec650e2e0361fecc31342ecff16b1e1994d	python3 -m pytest -q tests/test_legacy420.py
def:test_receipt_after_subject_replacement	RESTORED	plugin/legacy420/tests/test_provenance.py	e8032ec650e2e0361fecc31342ecff16b1e1994d	python3 -m pytest -q tests/test_legacy420.py
def:test_receipt_replacement_requires_same_claim_subject	RESTORED	plugin/legacy420/tests/test_provenance.py	e8032ec650e2e0361fecc31342ecff16b1e1994d	python3 -m pytest -q tests/test_legacy420.py
def:test_red_run_still_executed	RESTORED	plugin/legacy420/tests/test_observed.py	e8032ec650e2e0361fecc31342ecff16b1e1994d	python3 -m pytest -q tests/test_legacy420.py
def:test_redirect_writes_and_creates_new_file	RESTORED	plugin/legacy420/tests/test_observed.py	e8032ec650e2e0361fecc31342ecff16b1e1994d	python3 -m pytest -q tests/test_legacy420.py
def:test_register	RESTORED	plugin/legacy420/tests/acceptance_tasks.py	e8032ec650e2e0361fecc31342ecff16b1e1994d	python3 -m pytest -q tests/test_legacy420.py
def:test_register_and_tell_population	RESTORED	plugin/legacy420/tests/test_tells.py	e8032ec650e2e0361fecc31342ecff16b1e1994d	python3 -m pytest -q tests/test_legacy420.py
def:test_register_population_and_third_state	RESTORED	plugin/legacy420/tests/test_goal.py	e8032ec650e2e0361fecc31342ecff16b1e1994d	python3 -m pytest -q tests/test_legacy420.py
def:test_relay_citation_requires_original	RESTORED	plugin/legacy420/tests/test_provenance.py	e8032ec650e2e0361fecc31342ecff16b1e1994d	python3 -m pytest -q tests/test_legacy420.py
def:test_repeat_scope_is_append_or_failed_command	RESTORED	plugin/legacy420/tests/test_repeat_register.py	e8032ec650e2e0361fecc31342ecff16b1e1994d	python3 -m pytest -q tests/test_legacy420.py
def:test_repeat_uses_any_prior_qualifying_exit_and_last_command_boundary	RESTORED	plugin/legacy420/tests/test_family_spec.py	e8032ec650e2e0361fecc31342ecff16b1e1994d	python3 -m pytest -q tests/test_legacy420.py
def:test_reply_word_limit_does_not_create_retry_contract	RESTORED	plugin/legacy420/tests/test_structural_rules.py	e8032ec650e2e0361fecc31342ecff16b1e1994d	python3 -m pytest -q tests/test_legacy420.py
def:test_requirement_text_is_not_a_verification_receipt	RESTORED	plugin/legacy420/tests/test_provenance.py	e8032ec650e2e0361fecc31342ecff16b1e1994d	python3 -m pytest -q tests/test_legacy420.py
def:test_residue_branch_must_belong_to_the_match	RESTORED	plugin/legacy420/tests/test_denominators.py	e8032ec650e2e0361fecc31342ecff16b1e1994d	python3 -m pytest -q tests/test_legacy420.py
def:test_revision_field_in_primary_measurement_pays_citation	RESTORED	plugin/legacy420/tests/test_denominators.py	e8032ec650e2e0361fecc31342ecff16b1e1994d	python3 -m pytest -q tests/test_legacy420.py
def:test_routine_honest	RESTORED	plugin/legacy420/tests/test_goal.py	e8032ec650e2e0361fecc31342ecff16b1e1994d	python3 -m pytest -q tests/test_legacy420.py
def:test_rules	RESTORED	plugin/legacy420/tests/acceptance_tasks.py	e8032ec650e2e0361fecc31342ecff16b1e1994d	python3 -m pytest -q tests/test_legacy420.py
def:test_run_predicate_requires_its_run_context	RESTORED	plugin/legacy420/tests/test_family_switch.py	e8032ec650e2e0361fecc31342ecff16b1e1994d	python3 -m pytest -q tests/test_legacy420.py
def:test_search_fields	RESTORED	plugin/legacy420/tests/test_observed.py	e8032ec650e2e0361fecc31342ecff16b1e1994d	python3 -m pytest -q tests/test_legacy420.py
def:test_send_text	RESTORED	plugin/legacy420/tests/test_observed.py	e8032ec650e2e0361fecc31342ecff16b1e1994d	python3 -m pytest -q tests/test_legacy420.py
def:test_sentence_punctuation_is_not_part_of_the_source_name	RESTORED	plugin/legacy420/tests/test_lineage.py	e8032ec650e2e0361fecc31342ecff16b1e1994d	python3 -m pytest -q tests/test_legacy420.py
def:test_shared_rule_owner	RESTORED	plugin/legacy420/tests/test_structural_rules.py	e8032ec650e2e0361fecc31342ecff16b1e1994d	python3 -m pytest -q tests/test_legacy420.py
def:test_shipment_status_is_distinct_from_a_modified_noun	RESTORED	plugin/legacy420/tests/test_denominators.py	e8032ec650e2e0361fecc31342ecff16b1e1994d	python3 -m pytest -q tests/test_legacy420.py
def:test_slash_words_need_path_evidence	RESTORED	plugin/legacy420/tests/test_observed.py	e8032ec650e2e0361fecc31342ecff16b1e1994d	python3 -m pytest -q tests/test_legacy420.py
def:test_source_changes_at_use_and_reread	RESTORED	plugin/legacy420/tests/test_lineage.py	e8032ec650e2e0361fecc31342ecff16b1e1994d	python3 -m pytest -q tests/test_legacy420.py
def:test_subject_section_identity	RESTORED	plugin/legacy420/tests/test_structural_rules.py	e8032ec650e2e0361fecc31342ecff16b1e1994d	python3 -m pytest -q tests/test_legacy420.py
def:test_superseded_value_and_latest_read	RESTORED	plugin/legacy420/tests/test_provenance.py	e8032ec650e2e0361fecc31342ecff16b1e1994d	python3 -m pytest -q tests/test_legacy420.py
def:test_switch_ast_is_routed_from_native_write	RESTORED	plugin/legacy420/tests/test_family_integration.py	e8032ec650e2e0361fecc31342ecff16b1e1994d	python3 -m pytest -q tests/test_legacy420.py
def:test_temporary_waiver	RESTORED	plugin/legacy420/tests/test_structural_rules.py	e8032ec650e2e0361fecc31342ecff16b1e1994d	python3 -m pytest -q tests/test_legacy420.py
def:test_test_write_operand_exclusions	RESTORED	plugin/legacy420/tests/test_family_switch.py	e8032ec650e2e0361fecc31342ecff16b1e1994d	python3 -m pytest -q tests/test_legacy420.py
def:test_time_value_is_not_a_number_fragment	RESTORED	plugin/legacy420/tests/test_provenance.py	e8032ec650e2e0361fecc31342ecff16b1e1994d	python3 -m pytest -q tests/test_legacy420.py
def:test_toml_assignment_is_not_a_python_ast	RESTORED	plugin/legacy420/tests/test_family_integration.py	e8032ec650e2e0361fecc31342ecff16b1e1994d	python3 -m pytest -q tests/test_legacy420.py
def:test_turn_start_is_first_obs_after_last_boundary	RESTORED	plugin/legacy420/tests/test_observed.py	e8032ec650e2e0361fecc31342ecff16b1e1994d	python3 -m pytest -q tests/test_legacy420.py
def:test_turn_start_zero_without_boundary	RESTORED	plugin/legacy420/tests/test_observed.py	e8032ec650e2e0361fecc31342ecff16b1e1994d	python3 -m pytest -q tests/test_legacy420.py
def:test_unbounded_retry	RESTORED	plugin/legacy420/tests/test_structural_rules.py	e8032ec650e2e0361fecc31342ecff16b1e1994d	python3 -m pytest -q tests/test_legacy420.py
def:test_unique_parameter_names_failure_but_ambiguous_parameter_does_not	RESTORED	plugin/legacy420/tests/test_claim_reader.py	e8032ec650e2e0361fecc31342ecff16b1e1994d	python3 -m pytest -q tests/test_legacy420.py
def:test_unit_comparison_binds_the_metric_not_just_its_number	RESTORED	plugin/legacy420/tests/test_claim_reader.py	e8032ec650e2e0361fecc31342ecff16b1e1994d	python3 -m pytest -q tests/test_legacy420.py
def:test_unknown_probe_is_not_false	RESTORED	plugin/legacy420/tests/test_structural_rules.py	e8032ec650e2e0361fecc31342ecff16b1e1994d	python3 -m pytest -q tests/test_legacy420.py
def:test_unrelated_number_cannot_refresh_superseded_measurement	RESTORED	plugin/legacy420/tests/test_provenance.py	e8032ec650e2e0361fecc31342ecff16b1e1994d	python3 -m pytest -q tests/test_legacy420.py
def:test_unverified_changed_property_is_silent	RESTORED	plugin/legacy420/tests/test_claim_reader.py	e8032ec650e2e0361fecc31342ecff16b1e1994d	python3 -m pytest -q tests/test_legacy420.py
def:test_user_anchor_is_required_for_post_user_baseline	RESTORED	plugin/legacy420/tests/test_family_integration.py	e8032ec650e2e0361fecc31342ecff16b1e1994d	python3 -m pytest -q tests/test_legacy420.py
def:test_user_texts_from_fetched_thread_user_entries_only	RESTORED	plugin/legacy420/tests/test_observed.py	e8032ec650e2e0361fecc31342ecff16b1e1994d	python3 -m pytest -q tests/test_legacy420.py
def:test_validate	RESTORED	plugin/legacy420/tests/acceptance_tasks.py	e8032ec650e2e0361fecc31342ecff16b1e1994d	python3 -m pytest -q tests/test_legacy420.py
def:test_weaknesses	RESTORED	plugin/legacy420/tests/test_weaknesses.py	e8032ec650e2e0361fecc31342ecff16b1e1994d	python3 -m pytest -q tests/test_legacy420.py
def:test_windows_asserted_sources_require_direct_reading	RESTORED	plugin/legacy420/tests/test_windows_paths.py	e8032ec650e2e0361fecc31342ecff16b1e1994d	python3 -m pytest -q tests/test_legacy420.py
def:test_windows_fake_and_honest	RESTORED	plugin/legacy420/tests/test_windows_paths.py	e8032ec650e2e0361fecc31342ecff16b1e1994d	python3 -m pytest -q tests/test_legacy420.py
def:test_windows_preserving_whole_write_must_keep_unrelated_lines	RESTORED	plugin/legacy420/tests/test_windows_paths.py	e8032ec650e2e0361fecc31342ecff16b1e1994d	python3 -m pytest -q tests/test_legacy420.py
def:test_windows_record_identity	RESTORED	plugin/legacy420/tests/test_windows_paths.py	e8032ec650e2e0361fecc31342ecff16b1e1994d	python3 -m pytest -q tests/test_legacy420.py
def:test_windows_shell_path_arguments	RESTORED	plugin/legacy420/tests/test_windows_paths.py	e8032ec650e2e0361fecc31342ecff16b1e1994d	python3 -m pytest -q tests/test_legacy420.py
def:test_windows_slash_words_need_path_evidence	RESTORED	plugin/legacy420/tests/test_windows_paths.py	e8032ec650e2e0361fecc31342ecff16b1e1994d	python3 -m pytest -q tests/test_legacy420.py
def:test_workspace_supplies_named_sets_without_a_default_vocabulary	RESTORED	plugin/legacy420/tests/test_family_integration.py	e8032ec650e2e0361fecc31342ecff16b1e1994d	python3 -m pytest -q tests/test_legacy420.py
def:test_written_object_is_observed	RESTORED	plugin/legacy420/tests/test_observed.py	e8032ec650e2e0361fecc31342ecff16b1e1994d	python3 -m pytest -q tests/test_legacy420.py
def:test_written_property_has_subject_and_values	RESTORED	plugin/legacy420/tests/test_claim_reader.py	e8032ec650e2e0361fecc31342ecff16b1e1994d	python3 -m pytest -q tests/test_legacy420.py
def:test_written_unverified_boolean_does_not_claim_a_decided_measurement	RESTORED	plugin/legacy420/tests/test_claim_reader.py	e8032ec650e2e0361fecc31342ecff16b1e1994d	python3 -m pytest -q tests/test_legacy420.py
def:test_zero	RESTORED	plugin/legacy420/tests/acceptance_tasks.py	e8032ec650e2e0361fecc31342ecff16b1e1994d	python3 -m pytest -q tests/test_legacy420.py
def:test_zero_really_probes_every_removal_and_unrelated_rows	RESTORED	plugin/legacy420/tests/test_family_switch.py	e8032ec650e2e0361fecc31342ecff16b1e1994d	python3 -m pytest -q tests/test_legacy420.py
def:test_zip_requires_literal_true_and_dict_uses_python_equality	RESTORED	plugin/legacy420/tests/test_family_spec.py	e8032ec650e2e0361fecc31342ecff16b1e1994d	python3 -m pytest -q tests/test_legacy420.py
def:thread_owes	RESTORED	plugin/legacy420/plugin/makoto2/evaluate.py	e8032ec650e2e0361fecc31342ecff16b1e1994d	python3 -m pytest -q tests/test_legacy420.py
def:tokens	RESTORED	plugin/legacy420/plugin/makoto2/provenance.py	e8032ec650e2e0361fecc31342ecff16b1e1994d	python3 -m pytest -q tests/test_legacy420.py
def:trace_for	RESTORED	plugin/legacy420/plugin/makoto2/provenance.py	e8032ec650e2e0361fecc31342ecff16b1e1994d	python3 -m pytest -q tests/test_legacy420.py
def:tree_of	RESTORED	plugin/legacy420/plugin/makoto2/denominators.py	e8032ec650e2e0361fecc31342ecff16b1e1994d	python3 -m pytest -q tests/test_legacy420.py
def:unlink	RESTORED	plugin/legacy420/tests/test_windows_paths.py	e8032ec650e2e0361fecc31342ecff16b1e1994d	python3 -m pytest -q tests/test_legacy420.py
def:unpaid	RESTORED	plugin/legacy420/plugin/makoto2/family_lineage.py	e8032ec650e2e0361fecc31342ecff16b1e1994d	python3 -m pytest -q tests/test_legacy420.py
def:unwitnessed	RESTORED	plugin/legacy420/plugin/makoto2/evaluate.py	e8032ec650e2e0361fecc31342ecff16b1e1994d	python3 -m pytest -q tests/test_legacy420.py
def:value_tokens	RESTORED	plugin/legacy420/plugin/makoto2/claim_reader.py	e8032ec650e2e0361fecc31342ecff16b1e1994d	python3 -m pytest -q tests/test_legacy420.py
def:verifier_keys	RESTORED	plugin/legacy420/plugin/makoto2/family_spec.py	e8032ec650e2e0361fecc31342ecff16b1e1994d	python3 -m pytest -q tests/test_legacy420.py
def:violations	RESTORED	plugin/legacy420/plugin/makoto2/provenance.py	e8032ec650e2e0361fecc31342ecff16b1e1994d	python3 -m pytest -q tests/test_legacy420.py
def:waiver	RESTORED	plugin/legacy420/plugin/makoto2/denominators.py	e8032ec650e2e0361fecc31342ecff16b1e1994d	python3 -m pytest -q tests/test_legacy420.py
def:windows_tmp	RESTORED	plugin/legacy420/tests/test_windows_paths.py	e8032ec650e2e0361fecc31342ecff16b1e1994d	python3 -m pytest -q tests/test_legacy420.py
def:write_owes	RESTORED	plugin/legacy420/plugin/makoto2/evaluate.py	e8032ec650e2e0361fecc31342ecff16b1e1994d	python3 -m pytest -q tests/test_legacy420.py
def:write_text	RESTORED	plugin/legacy420/tests/test_windows_paths.py	e8032ec650e2e0361fecc31342ecff16b1e1994d	python3 -m pytest -q tests/test_legacy420.py
def:wrote_pays	RESTORED	plugin/legacy420/plugin/makoto2/evaluate.py	e8032ec650e2e0361fecc31342ecff16b1e1994d	python3 -m pytest -q tests/test_legacy420.py
file:plugin/makoto2/claim_reader.py	RESTORED	plugin/legacy420/plugin/makoto2/claim_reader.py	e8032ec650e2e0361fecc31342ecff16b1e1994d	python3 -m pytest -q tests/test_legacy420.py
file:plugin/makoto2/family_lineage.py	RESTORED	plugin/legacy420/plugin/makoto2/family_lineage.py	e8032ec650e2e0361fecc31342ecff16b1e1994d	python3 -m pytest -q tests/test_legacy420.py
file:plugin/makoto2/family_other.py	RESTORED	plugin/legacy420/plugin/makoto2/family_other.py	e8032ec650e2e0361fecc31342ecff16b1e1994d	python3 -m pytest -q tests/test_legacy420.py
file:plugin/makoto2/family_spec.py	RESTORED	plugin/legacy420/plugin/makoto2/family_spec.py	e8032ec650e2e0361fecc31342ecff16b1e1994d	python3 -m pytest -q tests/test_legacy420.py
file:plugin/makoto2/family_switch.py	RESTORED	plugin/legacy420/plugin/makoto2/family_switch.py	e8032ec650e2e0361fecc31342ecff16b1e1994d	python3 -m pytest -q tests/test_legacy420.py
file:plugin/makoto2/four_checks.py	RESTORED	plugin/legacy420/plugin/makoto2/four_checks.py	e8032ec650e2e0361fecc31342ecff16b1e1994d	python3 -m pytest -q tests/test_legacy420.py
file:plugin/makoto2/lineage.py	RESTORED	plugin/legacy420/plugin/makoto2/lineage.py	e8032ec650e2e0361fecc31342ecff16b1e1994d	python3 -m pytest -q tests/test_legacy420.py
file:plugin/makoto2/rows.tsv	RESTORED	plugin/legacy420/plugin/makoto2/rows.tsv	e8032ec650e2e0361fecc31342ecff16b1e1994d	python3 -m pytest -q tests/test_legacy420.py
file:tests/acceptance_tasks.py	RESTORED	plugin/legacy420/tests/acceptance_tasks.py	e8032ec650e2e0361fecc31342ecff16b1e1994d	python3 -m pytest -q tests/test_legacy420.py
file:tests/test_claim_reader.py	RESTORED	plugin/legacy420/tests/test_claim_reader.py	e8032ec650e2e0361fecc31342ecff16b1e1994d	python3 -m pytest -q tests/test_legacy420.py
file:tests/test_denominators.py	RESTORED	plugin/legacy420/tests/test_denominators.py	e8032ec650e2e0361fecc31342ecff16b1e1994d	python3 -m pytest -q tests/test_legacy420.py
file:tests/test_dispatch.py	RESTORED	plugin/legacy420/tests/test_dispatch.py	e8032ec650e2e0361fecc31342ecff16b1e1994d	python3 -m pytest -q tests/test_legacy420.py
file:tests/test_evaluate.py	RESTORED	plugin/legacy420/tests/test_evaluate.py	e8032ec650e2e0361fecc31342ecff16b1e1994d	python3 -m pytest -q tests/test_legacy420.py
file:tests/test_family_integration.py	RESTORED	plugin/legacy420/tests/test_family_integration.py	e8032ec650e2e0361fecc31342ecff16b1e1994d	python3 -m pytest -q tests/test_legacy420.py
file:tests/test_family_spec.py	RESTORED	plugin/legacy420/tests/test_family_spec.py	e8032ec650e2e0361fecc31342ecff16b1e1994d	python3 -m pytest -q tests/test_legacy420.py
file:tests/test_family_switch.py	RESTORED	plugin/legacy420/tests/test_family_switch.py	e8032ec650e2e0361fecc31342ecff16b1e1994d	python3 -m pytest -q tests/test_legacy420.py
file:tests/test_goal.py	RESTORED	plugin/legacy420/tests/test_goal.py	e8032ec650e2e0361fecc31342ecff16b1e1994d	python3 -m pytest -q tests/test_legacy420.py
file:tests/test_hook.py	RESTORED	plugin/legacy420/tests/test_hook.py	e8032ec650e2e0361fecc31342ecff16b1e1994d	python3 -m pytest -q tests/test_legacy420.py
file:tests/test_lineage.py	RESTORED	plugin/legacy420/tests/test_lineage.py	e8032ec650e2e0361fecc31342ecff16b1e1994d	python3 -m pytest -q tests/test_legacy420.py
file:tests/test_observed.py	RESTORED	plugin/legacy420/tests/test_observed.py	e8032ec650e2e0361fecc31342ecff16b1e1994d	python3 -m pytest -q tests/test_legacy420.py
file:tests/test_provenance.py	RESTORED	plugin/legacy420/tests/test_provenance.py	e8032ec650e2e0361fecc31342ecff16b1e1994d	python3 -m pytest -q tests/test_legacy420.py
file:tests/test_real_session.py	RESTORED	plugin/legacy420/tests/test_real_session.py	e8032ec650e2e0361fecc31342ecff16b1e1994d	python3 -m pytest -q tests/test_legacy420.py
file:tests/test_repeat_register.py	RESTORED	plugin/legacy420/tests/test_repeat_register.py	e8032ec650e2e0361fecc31342ecff16b1e1994d	python3 -m pytest -q tests/test_legacy420.py
file:tests/test_restored_fixes.py	RESTORED	plugin/legacy420/tests/test_restored_fixes.py	e8032ec650e2e0361fecc31342ecff16b1e1994d	python3 -m pytest -q tests/test_legacy420.py
file:tests/test_structural_rules.py	RESTORED	plugin/legacy420/tests/test_structural_rules.py	e8032ec650e2e0361fecc31342ecff16b1e1994d	python3 -m pytest -q tests/test_legacy420.py
file:tests/test_tells.py	RESTORED	plugin/legacy420/tests/test_tells.py	e8032ec650e2e0361fecc31342ecff16b1e1994d	python3 -m pytest -q tests/test_legacy420.py
file:tests/test_weaknesses.py	RESTORED	plugin/legacy420/tests/test_weaknesses.py	e8032ec650e2e0361fecc31342ecff16b1e1994d	python3 -m pytest -q tests/test_legacy420.py
file:tests/test_windows_paths.py	RESTORED	plugin/legacy420/tests/test_windows_paths.py	e8032ec650e2e0361fecc31342ecff16b1e1994d	python3 -m pytest -q tests/test_legacy420.py
flag:--append	RESTORED	plugin/legacy420/plugin/makoto2/observed.py	e8032ec650e2e0361fecc31342ecff16b1e1994d	python3 -m pytest -q tests/test_legacy420.py
flag:--ci-receipt	RESTORED	plugin/legacy420/tests/test_hook.py	e8032ec650e2e0361fecc31342ecff16b1e1994d	python3 -m pytest -q tests/test_legacy420.py
flag:--close-from	RESTORED	plugin/legacy420/plugin/makoto2/observed.py	e8032ec650e2e0361fecc31342ecff16b1e1994d	python3 -m pytest -q tests/test_legacy420.py
flag:--create	RESTORED	plugin/legacy420/plugin/makoto2/family_other.py	e8032ec650e2e0361fecc31342ecff16b1e1994d	python3 -m pytest -q tests/test_legacy420.py
flag:--force-create	RESTORED	plugin/legacy420/plugin/makoto2/family_other.py	e8032ec650e2e0361fecc31342ecff16b1e1994d	python3 -m pytest -q tests/test_legacy420.py
flag:--group	RESTORED	plugin/legacy420/plugin/makoto2/observed.py	e8032ec650e2e0361fecc31342ecff16b1e1994d	python3 -m pytest -q tests/test_legacy420.py
flag:--host	RESTORED	plugin/legacy420/plugin/makoto2/observed.py	e8032ec650e2e0361fecc31342ecff16b1e1994d	python3 -m pytest -q tests/test_legacy420.py
flag:--knob	RESTORED	plugin/legacy420/tests/test_claim_reader.py	e8032ec650e2e0361fecc31342ecff16b1e1994d	python3 -m pytest -q tests/test_legacy420.py
flag:--oneline	RESTORED	plugin/legacy420/tests/test_denominators.py	e8032ec650e2e0361fecc31342ecff16b1e1994d	python3 -m pytest -q tests/test_legacy420.py
flag:--orphan	RESTORED	plugin/legacy420/plugin/makoto2/family_other.py	e8032ec650e2e0361fecc31342ecff16b1e1994d	python3 -m pytest -q tests/test_legacy420.py
flag:--porcelain	RESTORED	plugin/legacy420/tests/test_hook.py	e8032ec650e2e0361fecc31342ecff16b1e1994d	python3 -m pytest -q tests/test_legacy420.py
flag:--prompt	RESTORED	plugin/legacy420/plugin/makoto2/observed.py	e8032ec650e2e0361fecc31342ecff16b1e1994d	python3 -m pytest -q tests/test_legacy420.py
flag:--role	RESTORED	plugin/legacy420/plugin/makoto2/observed.py	e8032ec650e2e0361fecc31342ecff16b1e1994d	python3 -m pytest -q tests/test_legacy420.py
flag:--short	RESTORED	plugin/legacy420/tests/test_observed.py	e8032ec650e2e0361fecc31342ecff16b1e1994d	python3 -m pytest -q tests/test_legacy420.py
flag:--timeout	RESTORED	plugin/legacy420/plugin/makoto2/denominators.py	e8032ec650e2e0361fecc31342ecff16b1e1994d	python3 -m pytest -q tests/test_legacy420.py
flag:--type	RESTORED	plugin/legacy420/plugin/makoto2/observed.py	e8032ec650e2e0361fecc31342ecff16b1e1994d	python3 -m pytest -q tests/test_legacy420.py
flag:--user	RESTORED	plugin/legacy420/plugin/makoto2/observed.py	e8032ec650e2e0361fecc31342ecff16b1e1994d	python3 -m pytest -q tests/test_legacy420.py
flag:--validate	RESTORED	plugin/legacy420/tests/test_hook.py	e8032ec650e2e0361fecc31342ecff16b1e1994d	python3 -m pytest -q tests/test_legacy420.py
flag:--verify	RESTORED	plugin/legacy420/tests/test_hook.py	e8032ec650e2e0361fecc31342ecff16b1e1994d	python3 -m pytest -q tests/test_legacy420.py
