A2	both	duplication: probed by Scour and run by Makoto (content.phantom_citation); keep one
A3	both	duplication: probed by Scour and run by Makoto (gate.unread_structure); keep one
A4	both	duplication: probed by Scour and run by Makoto (content.last_wins); keep one
A5	makoto	
A7	makoto	
A11	both	duplication: probed by Scour and run by Makoto (gate.canon_fingerprints); keep one
A13	both	duplication: probed by Scour and run by Makoto (gate.claude_identity); keep one
B2	both	by facet: Scour probes the tree, Makoto runs the event (gate.hollow_test); each is silent on the other's case (tools/dedupe.py)
B7	both	by facet: Scour probes the tree, Makoto runs the event (tools/merge_pass.py); each is silent on the other's case (tools/dedupe.py)
B9	both	duplication: probed by Scour and run by Makoto (gate.undischarged_waiver); keep one
B23	makoto	
B35	makoto	
B36	scour	
C2	both	duplication: probed by Scour and run by Makoto (gate.undeclared_falsifiable); keep one
C6	makoto	
C7	both	duplication: probed by Scour and run by Makoto (gate.completion); keep one
C10	makoto	
C12	makoto	
D13	makoto	
E3	makoto	
E5	both	duplication: probed by Scour and run by Makoto (event.identical_retry); keep one
E10	makoto	
E11	makoto	
E12	makoto	
E13	makoto	
G2	none	blindspot: no runner, and Scour declines it: needs call ARGUMENT values; the call bucket records only that a call happened
G3	none	blindspot: no runner, and Scour declines it: needs an answer's required span against what one citation covers; only raw ranges exist
G5	makoto	
A14	scour	
B4	none	blindspot: no runner, and Scour declines it: needs proxy-against-target grading results; nothing here executes or grades
B11	makoto	
B14	none	blindspot: no runner, and Scour declines it: needs the same mechanism measured with and without it
B18	none	blindspot: no runner, and Scour declines it: needs the provenance of what built a mechanism against what scored it
B26	makoto	
C8	makoto	
D1	makoto	
D4	makoto	
D8	none	blindspot: no runner, and Scour declines it: needs the magnitude actually exercised at runtime, not a byte count
D11	makoto	
D12	makoto	
D14	makoto	
E7	both	duplication: probed by Scour and run by Makoto (content.env_gated_audit); keep one
F2	both	by facet: Scour probes the tree, Makoto runs the event (gate.pasted_fix); each is silent on the other's case (tools/dedupe.py)
F7	makoto	
F8	makoto	
F14	makoto	
G1	makoto	
A6	makoto	
B1	makoto	
B5	makoto	
B10	both	duplication: probed by Scour and run by Makoto (tests corpus-FP invariant); keep one
B20	makoto	
B21	both	duplication: probed by Scour and run by Makoto (tools/merge_pass.py); keep one
B28	none	blindspot: no runner, and Scour declines it: needs the real succession replayed into shared state
B34	makoto	
B37	none	blindspot: no runner, and Scour declines it: needs semantic equivalence between two differently-worded expressions, not canonical text
C3	both	duplication: probed by Scour and run by Makoto (gate.named_test); keep one
C4	both	duplication: probed by Scour and run by Makoto (content.verifier_exit_masking); keep one
C5	both	duplication: probed by Scour and run by Makoto (dispatch fail-closed); keep one
C11	both	duplication: probed by Scour and run by Makoto (gate.report_before_run); keep one
D9	both	duplication: probed by Scour and run by Makoto (gate.self_wired); keep one
E1	none	blindspot: no runner, and Scour declines it: needs sibling branch operands to prove subsumption, and linking siblings is the pairwise shape the complexity law forbids
E8	makoto	
E9	none	blindspot: no runner, and Scour declines it: needs the handler's own recovery seen failing; `bare-except` is the collapsed path C2 MISSING THIRD STATE already asks for
F6	none	blindspot: no runner, and Scour declines it: needs the small state space walked, which is execution
F12	none	blindspot: no runner, and Scour declines it: needs the epistemic status of a claim, which is a property of how it was reached
B32	both	duplication: probed by Scour and run by Makoto (gate.undeclared_falsifiable); keep one
F10	scour	
H1	both	duplication: probed by Scour and run by Makoto (content.unsourced_webfetch); keep one
H2	makoto	
H3	makoto	
H4	none	blindspot: no runner, and Scour declines it: needs to see how a judgment formed while sweeping a list, a fact about a process over time
H5	both	duplication: probed by Scour and run by Makoto (content.fabricated_commit_sha); keep one
H6	both	duplication: probed by Scour and run by Makoto (gate.unclaimed_unit); keep one
I1	makoto	
I2	makoto	
I3	makoto	
