A2	lineage	event in {Pre,Stop} and refs(output)-source.read!={}
G1	lineage	event in {Pre,Stop} and refs(output)-source.read!={}
H1	lineage	event in {Pre,Stop} and refs(output)-source.read!={}
H5	lineage	event in {Pre,Stop} and refs(output)-source.read!={}
A7	makoto	event=Stop and claim.kind=pass and not seen(exit=0 and args.command matches $claim.subject)
C3	makoto	event=Stop and claim.kind=pass and not seen(exit=0 and args.command matches $claim.subject)
A11	makoto	event=Pre and tool=Bash and args.command matches ">>" and seen(args.command=$args.command and exit=0) and unseen_since(tool in {Write,Edit}, args.command=$args.command)
B2	makoto	event=Pre and tool in {Write,Edit} and path matches TEST_PATH and not args.content matches "\b(assert|raise|expect)"
B5	makoto	event=Pre and tool in {Write,Edit} and path matches TEST_PATH and not args.content matches "\b(assert|raise|expect)"
B20	makoto	event=Pre and tool in {Write,Edit} and path matches TEST_PATH and not args.content matches "\b(assert|raise|expect)"
B9	makoto	event=Pre and tool in {Write,Edit} and args.content matches WAIVER and not args.content matches "\b(until|expires|remove by)\b"
B23	makoto	event=Pre and tool in {Write,Edit} and path matches TEST_PATH and args.content matches "assert\s+len\(.*\)\s*<=?\s*\d+"
B35	makoto	event=Pre and tool in {Write,Edit} and args.content matches SUPPRESS and not args.content matches "ADR-\d+"
E7	makoto	event=Pre and tool in {Write,Edit} and args.content matches "if\s+os\.environ"
C2	makoto	event=Stop and claim.kind in {clean,absent} and not claim.falsifier
B32	makoto	event=Stop and claim.kind in {clean,absent} and not claim.falsifier
C6	makoto	event=Pre and tool=Edit and path matches TEST_PATH and args.old matches "==" and args.new matches "(<=|>=|\bin\b)"
C7	makoto	event=Stop and claim.kind=done and not tree.$claim.subject.exists
D1	makoto	event=Stop and claim.kind=done and not tree.$claim.subject.exists
C10	makoto	event=Stop and claim.kind=shipped and not seen(args.command matches "git\s+push" and exit=0)
C12	makoto	event=Stop and claim.kind=count and seen(verifier and exit!=0) and not claim.names
D13	makoto	event=Stop and seen(claim.kind=plan and claim.subject=$item) and not seen(claim.kind in {done,retracted} and claim.subject=$item)
F8	makoto	event=Stop and seen(claim.kind=plan and claim.subject=$item) and not seen(claim.kind in {done,retracted} and claim.subject=$item)
E5	makoto	event=Pre and tool=Bash and seen(args.command=$args.command and exit!=0) and unseen_since(tool in {Write,Edit}, args.command=$args.command)
E10	makoto	event=Pre and tool=Bash and seen(args.command=$args.command and exit!=0) and unseen_since(tool in {Write,Edit}, args.command=$args.command)
E13	makoto	event=Pre and tool=Agent and seen(tool=Agent and args.prompt=$args.prompt) and unseen_since(verifier, tool=Agent)
G2	makoto	event=Stop and claim.kind=plan and not seen(claim.kind=question)
G5	makoto	event=Stop and claim.kind=cannot and unseen_since(event=Pre, event=User)
B4	makoto	event=Stop and claim.kind=clean and not seen(args.command=$claim.subject and exit!=0)
B11	makoto	event=Pre and tool=Agent and unseen_since(tool in {Bash,Glob,Grep,Read}, event=User)
C8	makoto	event=Stop and claim.kind=running and not seen(output matches $claim.subject)
D4	drift	event in {Pre,Stop} and exists n in refs(output) and source.read[n]!=tree[n].hash
F7	drift	event in {Pre,Stop} and exists n in refs(output) and source.read[n]!=tree[n].hash
H2	drift	event in {Pre,Stop} and exists n in refs(output) and source.read[n]!=tree[n].hash
D12	makoto	event=Pre and tool=Bash and args.command matches "git\s+(checkout|switch|reset)\s+(\S+)" and not seen(output matches $ref)
C11	makoto	event=Pre and tool in {Write,Edit} and path matches DOC_PATH and claim.kind=pass and not seen(verifier)
F2	makoto	event=Pre and tool=Edit and seen(tool=Edit and args.new=$args.new and path!=$path) and unseen_since(verifier, tool=Edit and args.new=$args.new)
H3	makoto	event=Pre and tool=Edit and seen(tool=Edit and args.new=$args.new and path!=$path) and unseen_since(verifier, tool=Edit and args.new=$args.new)
I1	makoto	event=Pre and tool=Agent and settings.makoto.dispatch=true and not (args.prompt matches "(?m)^READ:" and args.prompt matches "(?m)^WRITE:" and args.prompt matches "(?m)^ACCEPTANCE:")
I2	makoto	event=Pre and tool=Agent and settings.makoto.dispatch=true and args.prompt matches "(?m)^READ:" and not args.prompt matches "(?m)^READ:.*@[0-9a-f]{12,}"
I3	makoto	event=Stop and settings.makoto.dispatch=true and seen(tool=Agent and args.prompt matches "ACCEPTANCE:\s*(.+)") and not seen(args.command=$acceptance and exit=0)
A3	scour	call=zip and not kw.strict=True
A4	scour	node=dict and keys.duplicated!={}
E1	scour	node=stmt and result.uses={} and not node=call
F14	scour	commit.message matches "no behaviou?r change" and ast.old!=ast.new
H6	scour	node=def and refs={} and not decorated and not name matches "^test_"
C5	scour	node=match and not cases.last=wildcard_raise
B36	scour	node=loop and body matches "re\.(match|search)" and not else_branch
A14	scour	node=dictcomp and key=call(item) and not seen_assert(len_in=len_out)
A6	scour	node=ifexp and test matches ">=\s*0?\.\d+" and branches in {0,1}
E9	scour	node=except and body.calls contains try.calls
D11	makoto	event=Pre and tool=Write and tree.$path.exists
H4	lineage	event in {Pre,Stop} and refs(output)-source.read!={}
A13	gate	run="git log base..HEAD" and (author in MODEL or trailers matches MODEL or message matches MODEL)
E3	gate	run="git log base..HEAD" and (author in MODEL or trailers matches MODEL or message matches MODEL)
C4	gate	verdict=exit of the gate own run of each check; a reported exit is never read
D14	gate	run=suite and git_status_after!=""
E11	gate	run=suite and elapsed>=budget
E12	gate	launch and (settings.disableAllHooks=true or settings.enabledPlugins.makoto!=true or not tree.PLUGIN.exists)
B1	gate	launch and not planted_event.fires
B26	gate	launch and not planted_event.fires
D9	gate	launch and not planted_event.fires
F10	drift	event in {Pre,Stop} and exists n in refs(output) and source.read[n]!=tree[n].hash
B10	gate	run=suite_on_clean_base and any(check=red)
B21	gate	plant=row and reddened_rows!={row}
B34	gate	run=gate_on_own_tree and verdict!=pass
B14	gate	claim.helps and not run_pair(with,without).differs
D8	gate	run.size<real.size or run.form!=shipped.form
B28	gate	run=suite and not replay_sequence.present
E8	gate	shipped.settings!=tested.settings
B7	kernel	zero.py: a TERMS row with check column empty
B37	kernel	zero.py: shape>0 (two units share a shape) or removal leaves met
F6	kernel	zero.py: removal of one unit changes met of an unrelated row
A5	judgment	Q: does the value as quoted keep the context that made it true (its commit, its unit)?; the read-ledger shape that would decide it is not given yet, so it stays a question | sealed reader on another session output
G3	judgment	Q: does any one party see the whole span the answer covers?; the read-ledger shape that would decide it is not given yet, so it stays a question | sealed reader on another session output
B18	judgment	Q: was the scored set any part of what the scored thing was built from?; the read-ledger shape that would decide it is not given yet, so it stays a question | sealed reader on another session output
F12	judgment	Q: which observation distinguishes the named cause from the next plausible one, and was it made? | sealed reader on another session output
