content.bound_as_count	count
content.env_gated_audit	skip
content.fabricated_commit_sha	citation
content.illusory_authorship_trailer	attribution
content.integrity_suppression_flag	bypass
content.last_wins	duplicate
content.phantom_citation	citation
content.self_mute_guard	disable
content.unsourced_webfetch	citation
content.verifier_body_hollowed	hollow
content.verifier_exit_masking	mask
content.verifier_predicate_weakened	weaken
event.identical_retry	repeat
event.nested_budget	budget
event.thrash_revert	revert
event.unbriefed_dispatch	dispatch
event.unpinned_input	pin
gate.canon	duplicate
gate.canon_fingerprints	duplicate
gate.claimed_running	claim
gate.claimed_shipped	claim
gate.claude_identity	attribution
gate.completion	claim
gate.dropped	drop
gate.hollow_test	hollow
gate.liveness	run
gate.named_test	run
gate.pasted_fix	duplicate
gate.plan_item_drift	drop
gate.relaunched_unchanged	repeat
gate.report_before_run	run
gate.self_wired	circular
gate.stale_pass	stale
gate.unasked_plan	ask
gate.unclaimed_unit	orphan
gate.undeclared_falsifiable	claim
gate.undischarged_waiver	waiver
gate.unexamined_wall	wall
gate.unknown_ref_switch	ref
gate.unnamed_failure	failure
gate.unobserved_destruction	destroy
gate.unpaid_acceptance	run
gate.unprobed_fanout	dispatch
gate.unread_structure	read
gate.unwitnessed_verifier	run
