ts	check	verdict	note
2026-09-23T22:08:36.708936Z	content.illusory_authorship_trailer	false	a guard's own docstring named the address it guards against (DOES-IT-HELP.md)
2026-09-23T22:09:45.635080Z	content.verifier_exit_masking	false	pytest --version | head: not a verifier run (DOES-IT-HELP.md)
2026-09-23T22:09:48.923564Z	content.verifier_exit_masking	false	a $? capture that kept the exit code (DOES-IT-HELP.md)
2026-09-23T22:11:45.651973Z	content.verifier_exit_masking	false	context-only fire on a non-masking pipe (DOES-IT-HELP.md)
2026-09-23T22:12:41.207304Z	makoto.test_delta	report	3 newly failing tests named, true, context only (DOES-IT-HELP.md)
2026-09-23T22:14:46.024838Z	content.illusory_authorship_trailer	false	an audit script that greps for the address (DOES-IT-HELP.md)
2026-09-23T22:20:34.821738Z	gate.canon_fingerprints_advisory	false	scratch rm -rf / git worktree remove (DOES-IT-HELP.md)
2026-09-23T22:20:34.821738Z	gate.unwitnessed_verifier	false	scratch cleanup; the later 61 repeats are the unsatisfiable loop #98 fixed
2026-09-25T16:51:42.024703Z	event.nested_budget	catch	inner timeout 900 under a 600 s Bash cap could never fire; fixed on retry
2026-09-25T17:06:38.382287Z	gate.canon_fingerprints	false	scratch directory cleanup (DOES-IT-HELP.md)
2026-09-25T17:06:38.382287Z	gate.unobserved_destruction	false	scratch directory cleanup (DOES-IT-HELP.md)
2026-09-25T17:57:31.406972Z	gate.completion	false	fired on the compaction summary, which reports past work (DOES-IT-HELP.md)
2026-09-25T17:57:31.406972Z	gate.fabricated_action	false	fired on the compaction summary, which makes no tool calls (DOES-IT-HELP.md)
2026-09-25T18:05:13.497695Z	gate.green_claim	catch	the reply stated a green suite over a red last run; the forced re-run at 18:05:20 was the evidence the claim lacked
2026-09-25T18:11:41.884383Z	gate.unprobed_fanout	false	the brief followed Bash reads (sed, grep), which its Read/Glob/Grep vocabulary does not count
2026-09-25T18:48:09.126005Z	gate.unknown_ref_switch	false	worker's switch was git checkout -b of a branch it named itself
2026-09-25T19:03:03.668986Z	gate.unnamed_failure	report	worker counted one pre-existing failure without naming it; true, changed nothing (worker transcript 19:03:12)
2026-09-25T19:23:33.098535Z	gate.unclaimed_unit	false	rule_runner_predicate is registered through _PREDICATES, not a decorator; the next 8 are its repeats
2026-09-28T00:39:24.892326Z	content.overdetermined_case	report	test_worth.py cases had distinct inputs; the row made each name its discriminant
2026-09-28T00:39:24.892326Z	gate.undischarged_waiver	report	a noqa for a linter the repo does not run; removed
