piece	file:line	slots	row_kind	action	net_lines	reason
declared-Plan machinery (Plan class, declare/persist/load/advance, SessionStart _admit_plan, hooks.json SessionStart, gate.stale_establisher)	substrate/_planNode.py:1; state/plan.py:40-253; dispatch.py:804,856-872; checks/otherPoint.py:852-935; hooks.json SessionStart	H2 (2nd piece; stale_pass fills it)	Stack	remove	-545	only consumer of the declared Plan is gate.stale_establisher (ADVISE, never shown to agent; mesh catch red); H2 already filled by gate.stale_pass; gate.contract_order, the other consumer, was cut 2026-09-18
events.py EVENTS matrix + move tuples	events.py:1-135	none	Misfit	remove	-135	no plugin code imports makoto.events; only tests/test_events.py reads it
configchange.py (ConfigChange watch)	configchange.py:1-333	B26/E12 (3rd piece; self_wired + self_mute_guard fill it)	Stack	remove	-333	not shipped in hooks.json so never runs in a plugin session; its concern (makoto un-wired) is content.self_mute_guard pre-block + gate.self_wired
gate.relative_path_citation	checks/spec.py:1180-1291	none	Misfit	remove	-115	named in no REGISTER-MAP row; README calls it "not an integrity violation"; ADVISE so agent never sees it (mesh catch red); also Windows-wrong (startswith("/"))
recheck_certificate + VerdictCertificate + _recheck_certificate_enabled + dispatch block	verdict.py:357-403; dispatch.py:565,671-700	none	Misfit	remove	-80	off unless MAKOTO_RECHECK_CERTIFICATE set; undocumented; mesh never calls it
kit dead helpers: location_match quantity_match subject_binds detect_location detect_quantity _QTY_RX bash_nonempty_violation	kit.py:69,80,93,121,127,142,156	none	Misfit	remove	-58	static reach 0 and mesh 0; reached only via checks/__init__ re-export read by tests
kit.pushed_ref_matches_world (+unused import in _worldpaths)	kit.py:1195; checks/_worldpaths.py:30	none	Misfit	remove	-41	imported by _worldpaths but never called; otherPoint owns the live push-ref logic
kit.jwt_decode_callee_chain + vocab.JWT_CALLEE_RX	kit.py:519; vocab.py:81	none	Misfit	remove	-17	CONFIRMED dead: its checks (jwt_signature_disabled, jwt_none_alg) no longer exist
kit._default_veto	kit.py:1122	none	Misfit	remove	-13	CONFIRMED dead: no caller, not a default arg anywhere
kit.is_false_const / is_cert_none	kit.py:484,490	none	Misfit	remove	-10	CONFIRMED dead: cert_verify_disabled check gone; tests only
vocab dead lexicons: _ADMIT_CORE_RX _FORWARD_YET_RX _FORWARD_FUTURE_RX _ASIDE_RX _USER_CONCESSION_RX _UNIVERSAL_RX _ENUMERATION_RX _HEAD_UNIVERSAL _DONE_WORD _DONE_TRAIL _CONNECTOR _UNIVERSAL_DONE_RX	vocab.py:138-182,279-300	none	Misfit	remove	-65	no plugin reader (static + mesh); only tests import some
vocab.PreCheck	vocab.py:22	none	Misfit	remove	-10	its own docstring: convenience for test fixtures; catalog rows are registry.Check
state/ledger.LedgerView + view_for	state/ledger.py:154-191	none	Misfit	remove	-36	no plugin caller; tests only
state/audit readers _read_jsonl read_rows read_errors read_exemptions	state/audit.py:86,107,151,195	none	Misfit	remove	-33	no plugin reader (CLI does not read them); tests only
switch dead terminals _input exit_code stale_read_hint sandbox_bypassed	checks/switch.py:506-552	none	Misfit	remove	-25	docstrings say "no primitive reads it yet"; static+mesh 0
Plan.unmet_deps/order_violation/passthrough_locations/remainder/from_jsonl	substrate/_planNode.py:147-218	none	Misfit	remove	-27	no caller (leftover of cut gate.contract_order); subsumed if the Plan row is applied
GateContext.is_subagent	context.py:79	none	Misfit	remove	-4	no reader
makoto.test_delta PostToolUse advisory (compute_delta + dispatch block)	kit.py:1001; dispatch.py:836-853	none	Misfit	remove	-40	a finding id outside the registry and outside REGISTER-MAP (a rule with no catalog row)
*_SHAPE constants (16) + their comments	checks/switch.py:16..1425; otherPoint.py:28..1331; lineage.py:550,984	family tag	Stack	remove	-48	every one restates the Check(tests=...) field of the same check; nothing reads them
switch._decode_row + calls_from_history vs _canonAtoms	checks/switch.py:752-783; substrate/_canonAtoms.py:54-79	history->Call decode	Stack	merge	-30	CONFIRMED same output (switch drops Pre rows after decoding them); switch should import _canonAtoms.calls_from_history
spec._is_tautology vs hollowTest._is_tautology	checks/spec.py:154; substrate/hollowTest.py:271	always-true test	Stack	merge	-14	CONFIRMED and they DIVERGE: spec calls f()==f() and a.b==a.b tautologies and accepts bool(1)/x<=x; hollowTest refuses calls/attributes but covers any literal. One owner (hollowTest's, plus bool()/<=/>=)
kit.callee_chain vs _stdlib_ast_helpers._callee_chain	kit.py:498; substrate/_stdlib_ast_helpers.py:53	dotted callee	Stack	merge	-19	byte-identical bodies; kit imports the stdlib-isolated one, isolation kept
"which Stop gate blocks": may_block + posture + _ADVISORY_ALLOWLIST + blocking_eligible + Finding.level	registry.py:49,90; dispatch.py:452	block/advise	Stack	merge	-44	runtime uses may_block and Finding.level only; posture, _ADVISORY_ALLOWLIST and blocking_eligible are read only by tools/tests. Keep one: posture
null *_pays functions (webfetch, unclaimed, dropped, thrash, ...)	lineage.py:544,978; otherPoint.py:806,1352	unwitnessed pays	Overdefinition	merge	-22	each returns None with a docstring; a pays=None default in kit.unwitnessed covers them all
checks/__init__ re-exports (normalize_path etc) + __all__	checks/__init__.py:14-34	import route	Stack	merge	-30	second route to kit names; 4 plugin sites import normalize_path/detect_locations through it, the rest only tests
gate.undeclared_falsifiable	checks/spec.py:586-656; substrate/_declared.py	C2 B32 per REGISTER-MAP	Misfit	keep	0	fits no in-session slot (audits makoto's own catalog; mesh excludes it as undriveable) but it is the only signal of a family module that failed to import; REGISTER-MAP C2/B32 mis-cite it
kit.unwitnessed	kit.py:636	OTHER_POINT SWITCH LINEAGE shape	Stack	keep	0	one piece in three family slots by design (GOAL: one shape per family); SPEC uses none
stale_pass	REGISTER-MAP	D4 F7 H2	Stack	keep	0	one runner in 3 entries: REGISTER rule 2 says merge the entries or give each its own discriminating input
self_wired	REGISTER-MAP	B26 B1 D9	Stack	keep	0	same; mesh excludes self_wired, so none of the 3 is exercised
hollow_test	REGISTER-MAP	B2 B5 B20	Stack	keep	0	same
completion / named_test / identical_retry / phantom_citation / canon_fingerprints	REGISTER-MAP	C7+D1 / A7+C3 / E5+E10 / A2+G1 / A5+A11	Stack	keep	0	one runner in 2 entries each; same rule 2 question
two runners in one entry: B2 E12 D1 E3 B35 G1 D9 H2	REGISTER-MAP	one each	Stack	keep	0	different inputs, so split the term, not dupes
14 NOT-COUNTABLE entries	REGISTER-MAP	B36 G3 A14 B14 B18 D8 A6 B28 B37 E8 E9 F6 F12 H4	Needed	keep	0	no piece; declared unfillable
entries whose runner is a repo tool or test	REGISTER-MAP	B7 F2 B10 B21 B34 E1	Needed	keep	0	tools/tests run on makoto's repo, never in the agent's session: nothing prevents these in-session
C4 CRASH PERMITS	dispatch.py:509-522	C4 (C5 E7)	Underdefinition	keep	0	REGISTER-MAP says dispatch fails closed; a predicate that raises is logged and SKIPPED (loud-allow)
16 ADVISE end-of-turn gates	registry advisory set	A3 B9 C12 E13 G2 B4 B11 D12 D14 F8 C11 H3 H6 ...	Underdefinition	keep	0	ADVISE at Stop is never rendered: agent never sees it (mesh: 35 of 47 reds are these). Detects, does not prevent; promote or accept
non-plugin wiring (install._WIRED_EVENTS, README Manual wiring)	install.py:33; README	event coverage	Underdefinition	keep	0	wires 3 events; plugin wires 6. Non-plugin installs lose PostToolUseFailure (failure terminals for canon/identical_retry) and SubagentStop
README pre-check catalog	README.md "What it catches"	doc	Underdefinition	keep	0	lists 12 of 17 pre-checks (missing last_wins, bound_as_count, nested_budget, identical_retry, claude_identity); table lists 30 of 32 Stop checks
README "No pre-check carries the gate. prefix today"	README.md	doc	Underdefinition	keep	0	false: gate.claude_identity is Pre (its own generated line says gate: 1)
MAKOTO-CONVENTIONS stale refs	plugin/makoto/docs/MAKOTO-CONVENTIONS.md	doc	Underdefinition	keep	0	cites checks/_failureClassifier.py and canon.recur (neither exists); says plan_item_drift reads the declared Plan (it reads the plan-item store)
verdict fallback reasons	verdict.py:233,239	doc	Underdefinition	keep	0	_STOP_REASON "the declared plan is unfinished" / _ADVISE_REASON describe the cut contract_order gate
mesh reds on BLOCK checks	probe mesh	bound_as_count fabricated_commit_sha unsourced_webfetch canon canon_fingerprints consent running fabricated_action green_claim stale_pass phantom_citation(catch)	Underdefinition	keep	0	reword cases slip through; phantom_citation catch red too
