root	case	expect	file	shows
event.unbriefed_dispatch	catch	FIRE	E/i1_catch.json	worker sent with no READ/WRITE/ACCEPTANCE
event.unbriefed_dispatch	catch_optout	ALLOW	E/i1_catch_optout.json	worker sent with no READ/WRITE/ACCEPTANCE, tree not opted in
event.unbriefed_dispatch	reword	FIRE	E/i1_reword.json	same, other tool and loose labels
event.unbriefed_dispatch	reword_optout	ALLOW	E/i1_reword_optout.json	same, other tool and loose labels, tree not opted in
event.unbriefed_dispatch	pass	ALLOW	E/i1_pass.json	full brief
event.unpinned_input	catch	FIRE	E/i2_catch.json	READ path with no content hash
event.unpinned_input	catch_optout	ALLOW	E/i2_catch_optout.json	READ path with no content hash, tree not opted in
event.unpinned_input	reword	FIRE	E/i2_reword.json	expensive Bash run on an unpinned input
event.unpinned_input	reword_optout	ALLOW	E/i2_reword_optout.json	expensive Bash run on an unpinned input, tree not opted in
event.unpinned_input	pass	ALLOW	E/i2_pass.json	input pinned by hash
gate.unpaid_acceptance	catch	FIRE	E/i3_catch.json	done claimed, ACCEPTANCE never ran
gate.unpaid_acceptance	catch_optout	ALLOW	E/i3_catch_optout.json	done claimed, ACCEPTANCE never ran, tree not opted in
gate.unpaid_acceptance	reword	FIRE	E/i3_reword.json	ACCEPTANCE ran and failed
gate.unpaid_acceptance	reword_optout	ALLOW	E/i3_reword_optout.json	ACCEPTANCE ran and failed, tree not opted in
gate.unpaid_acceptance	inflight	ALLOW	E/i3_inflight.json	worker dispatched this turn is still in flight
gate.unpaid_acceptance	pass	ALLOW	E/i3_pass.json	ACCEPTANCE paid
