# version	digest of plugin/ (tests/test_plugin_digest.py); append-only, one row per release
3.3.0	15868407969533d1
3.4.0	0ee5b7c5c52ae94d
3.4.1	1c21156b100196d8
3.4.2	e6af0d8cc3f2a3f7
3.4.3	2f6cca7af532cbea
3.4.4	c3d8152e6eb9dce9
3.4.5	6eb5f63f2af95f52
3.4.6	379a019bee8f06f0
3.4.7	697298404bb20daf
3.4.8	8d560e5fddbece0c
3.4.9	c7748afc678e1bbc
3.4.10	e49702bca5fe82fe
3.4.11	120671fd409890b9
3.4.12	b9846385813d1825
3.4.13	9884df33f6f0be3f
3.4.14	a3a7bb86f67b9cab
3.4.15	756f9c60abdd03d4
3.4.16	c4ceffcd84e0cd76
