task	check	output_digest	why	tests	output	evidence
decode	PYTHONDONTWRITEBYTECODE=1 python3 -m pytest -q -p no:cacheprovider tests/acceptance_tasks.py::test_decode	e8c2ebdecc6c68bd31c948de0b0c1dd4c57dd47d093194a6c1d241c65727824d	Executed against current source bytes; local product acceptance only.	tests/acceptance_tasks.py::test_decode	mesh/evidence/product-checks/decode.txt	mesh/evidence/product-checks/decode.txt; sha256=e8c2ebdecc6c68bd31c948de0b0c1dd4c57dd47d093194a6c1d241c65727824d; check=PYTHONDONTWRITEBYTECODE=1 python3 -m pytest -q -p no:cacheprovider tests/acceptance_tasks.py::test_decode; exit_code=0
configure	PYTHONDONTWRITEBYTECODE=1 python3 -m pytest -q -p no:cacheprovider tests/acceptance_tasks.py::test_configure	7fefcaf66f6e7137767bc25d16d128cbf7b8617ad0b6f14fbf9a0b8e7fdd81cd	Executed against current source bytes; local product acceptance only.	tests/acceptance_tasks.py::test_configure	mesh/evidence/product-checks/configure.txt	mesh/evidence/product-checks/configure.txt; sha256=7fefcaf66f6e7137767bc25d16d128cbf7b8617ad0b6f14fbf9a0b8e7fdd81cd; check=PYTHONDONTWRITEBYTECODE=1 python3 -m pytest -q -p no:cacheprovider tests/acceptance_tasks.py::test_configure; exit_code=0
observe	PYTHONDONTWRITEBYTECODE=1 python3 -m pytest -q -p no:cacheprovider tests/acceptance_tasks.py::test_observe	866432d567eb30f716ad0380ad29e9453b6fd80645780de4fbe94565dc3eab20	Executed against current source bytes; local product acceptance only.	tests/acceptance_tasks.py::test_observe	mesh/evidence/product-checks/observe.txt	mesh/evidence/product-checks/observe.txt; sha256=866432d567eb30f716ad0380ad29e9453b6fd80645780de4fbe94565dc3eab20; check=PYTHONDONTWRITEBYTECODE=1 python3 -m pytest -q -p no:cacheprovider tests/acceptance_tasks.py::test_observe; exit_code=0
evaluate	PYTHONDONTWRITEBYTECODE=1 python3 -m pytest -q -p no:cacheprovider tests/acceptance_tasks.py::test_evaluate	0d70d5e3025d41820ee8d7865e5ffaa062debd9f4fd30ca4b26f7820dfb180f9	Executed against current source bytes; local product acceptance only.	tests/acceptance_tasks.py::test_evaluate	mesh/evidence/product-checks/evaluate.txt	mesh/evidence/product-checks/evaluate.txt; sha256=0d70d5e3025d41820ee8d7865e5ffaa062debd9f4fd30ca4b26f7820dfb180f9; check=PYTHONDONTWRITEBYTECODE=1 python3 -m pytest -q -p no:cacheprovider tests/acceptance_tasks.py::test_evaluate; exit_code=0
once	PYTHONDONTWRITEBYTECODE=1 python3 -m pytest -q -p no:cacheprovider tests/acceptance_tasks.py::test_once	e8c2ebdecc6c68bd31c948de0b0c1dd4c57dd47d093194a6c1d241c65727824d	Executed against current source bytes; local product acceptance only.	tests/acceptance_tasks.py::test_once	mesh/evidence/product-checks/once.txt	mesh/evidence/product-checks/once.txt; sha256=e8c2ebdecc6c68bd31c948de0b0c1dd4c57dd47d093194a6c1d241c65727824d; check=PYTHONDONTWRITEBYTECODE=1 python3 -m pytest -q -p no:cacheprovider tests/acceptance_tasks.py::test_once; exit_code=0
emit	PYTHONDONTWRITEBYTECODE=1 python3 -m pytest -q -p no:cacheprovider tests/acceptance_tasks.py::test_emit	4e8b6c5a89da44bf05d17100903172be04033067c113a6831bdfafbd42b7da52	Executed against current source bytes; local product acceptance only.	tests/acceptance_tasks.py::test_emit	mesh/evidence/product-checks/emit.txt	mesh/evidence/product-checks/emit.txt; sha256=4e8b6c5a89da44bf05d17100903172be04033067c113a6831bdfafbd42b7da52; check=PYTHONDONTWRITEBYTECODE=1 python3 -m pytest -q -p no:cacheprovider tests/acceptance_tasks.py::test_emit; exit_code=0
persist	PYTHONDONTWRITEBYTECODE=1 python3 -m pytest -q -p no:cacheprovider tests/acceptance_tasks.py::test_persist	99a24796443a1d07f66a424f8116a06a2079063af758e7d3c87801c191ad2ecd	Executed against current source bytes; local product acceptance only.	tests/acceptance_tasks.py::test_persist	mesh/evidence/product-checks/persist.txt	mesh/evidence/product-checks/persist.txt; sha256=99a24796443a1d07f66a424f8116a06a2079063af758e7d3c87801c191ad2ecd; check=PYTHONDONTWRITEBYTECODE=1 python3 -m pytest -q -p no:cacheprovider tests/acceptance_tasks.py::test_persist; exit_code=0
validate	PYTHONDONTWRITEBYTECODE=1 python3 -m pytest -q -p no:cacheprovider tests/acceptance_tasks.py::test_validate	0ee5888eac5501909c7d7da392d69c44baa7c918e85045cdb4f2eb4f722f4c68	Executed against current source bytes; local product acceptance only.	tests/acceptance_tasks.py::test_validate	mesh/evidence/product-checks/validate.txt	mesh/evidence/product-checks/validate.txt; sha256=0ee5888eac5501909c7d7da392d69c44baa7c918e85045cdb4f2eb4f722f4c68; check=PYTHONDONTWRITEBYTECODE=1 python3 -m pytest -q -p no:cacheprovider tests/acceptance_tasks.py::test_validate; exit_code=0
package	PYTHONDONTWRITEBYTECODE=1 python3 -m pytest -q -p no:cacheprovider tests/acceptance_tasks.py::test_package	b336bfbb42d8a55315e2f7350d4a6528e0fd95453f81c1e21f96f9ae7c5d2932	Executed against current source bytes; local product acceptance only.	tests/acceptance_tasks.py::test_package	mesh/evidence/product-checks/package.txt	mesh/evidence/product-checks/package.txt; sha256=b336bfbb42d8a55315e2f7350d4a6528e0fd95453f81c1e21f96f9ae7c5d2932; check=PYTHONDONTWRITEBYTECODE=1 python3 -m pytest -q -p no:cacheprovider tests/acceptance_tasks.py::test_package; exit_code=0
audit	PYTHONDONTWRITEBYTECODE=1 python3 -m pytest -q -p no:cacheprovider tests/acceptance_tasks.py::test_audit	99a24796443a1d07f66a424f8116a06a2079063af758e7d3c87801c191ad2ecd	Executed against current source bytes; local product acceptance only.	tests/acceptance_tasks.py::test_audit	mesh/evidence/product-checks/audit.txt	mesh/evidence/product-checks/audit.txt; sha256=99a24796443a1d07f66a424f8116a06a2079063af758e7d3c87801c191ad2ecd; check=PYTHONDONTWRITEBYTECODE=1 python3 -m pytest -q -p no:cacheprovider tests/acceptance_tasks.py::test_audit; exit_code=0
join	PYTHONDONTWRITEBYTECODE=1 python3 -m pytest -q -p no:cacheprovider tests/acceptance_tasks.py::test_join	e8c2ebdecc6c68bd31c948de0b0c1dd4c57dd47d093194a6c1d241c65727824d	Executed against current source bytes; local product acceptance only.	tests/acceptance_tasks.py::test_join	mesh/evidence/product-checks/join.txt	mesh/evidence/product-checks/join.txt; sha256=e8c2ebdecc6c68bd31c948de0b0c1dd4c57dd47d093194a6c1d241c65727824d; check=PYTHONDONTWRITEBYTECODE=1 python3 -m pytest -q -p no:cacheprovider tests/acceptance_tasks.py::test_join; exit_code=0
handoff	PYTHONDONTWRITEBYTECODE=1 python3 -m pytest -q -p no:cacheprovider tests/acceptance_tasks.py::test_handoff	99a24796443a1d07f66a424f8116a06a2079063af758e7d3c87801c191ad2ecd	Executed against current source bytes; local product acceptance only.	tests/acceptance_tasks.py::test_handoff	mesh/evidence/product-checks/handoff.txt	mesh/evidence/product-checks/handoff.txt; sha256=99a24796443a1d07f66a424f8116a06a2079063af758e7d3c87801c191ad2ecd; check=PYTHONDONTWRITEBYTECODE=1 python3 -m pytest -q -p no:cacheprovider tests/acceptance_tasks.py::test_handoff; exit_code=0
subtract	PYTHONDONTWRITEBYTECODE=1 python3 -m pytest -q -p no:cacheprovider tests/acceptance_tasks.py::test_subtract	99a24796443a1d07f66a424f8116a06a2079063af758e7d3c87801c191ad2ecd	Executed against current source bytes; local product acceptance only.	tests/acceptance_tasks.py::test_subtract	mesh/evidence/product-checks/subtract.txt	mesh/evidence/product-checks/subtract.txt; sha256=99a24796443a1d07f66a424f8116a06a2079063af758e7d3c87801c191ad2ecd; check=PYTHONDONTWRITEBYTECODE=1 python3 -m pytest -q -p no:cacheprovider tests/acceptance_tasks.py::test_subtract; exit_code=0
