task	shape	implementation	evidence	cost_tokens
decode	PRESENT	CANDIDATE	UNMEASURED	593606
configure	PRESENT	CANDIDATE	UNMEASURED	593606
rules	PRESENT	CANDIDATE	UNMEASURED	593606
observe	PRESENT	CANDIDATE	UNMEASURED	593606
evaluate	PRESENT	CANDIDATE	UNMEASURED	593606
once	PRESENT	CANDIDATE	UNMEASURED	593606
emit	PRESENT	CANDIDATE	UNMEASURED	593606
advance	PRESENT	CANDIDATE	UNMEASURED	593606
persist	PRESENT	CANDIDATE	UNMEASURED	593606
register	PRESENT	CANDIDATE	UNMEASURED	593606
validate	PRESENT	CANDIDATE	UNMEASURED	593606
package	PRESENT	CANDIDATE	UNMEASURED	593606
fresh	PRESENT	CANDIDATE	UNMEASURED	593606
audit	PRESENT	CANDIDATE	UNMEASURED	593606
join	PRESENT	CANDIDATE	UNMEASURED	593606
handoff	PRESENT	CANDIDATE	UNMEASURED	593606
subtract	PRESENT	REMOVED	UNMEASURED	208231
zero	PRESENT	UNPROVEN	UNMEASURED	593606
