requirement id	slot	port	required	allowed	source
event-domain	hook.d_in	raw	"[""PreToolUse"", ""PostToolUse"", ""PostToolUseFailure"", ""Stop"", ""SubagentStop"", ""UserPromptSubmit""]"	"[""PreToolUse"", ""PostToolUse"", ""PostToolUseFailure"", ""Stop"", ""SubagentStop"", ""UserPromptSubmit""]"	docs-def:README.md
binary-output	hook.d_out	return	"[""silent"", ""pre-tool-deny"", ""stop-block""]"	"[""silent"", ""pre-tool-deny"", ""stop-block""]"	docs-def:README.md
settled-only	observed.record	events	"[""PostToolUse"", ""PostToolUseFailure""]"	"[""PostToolUse"", ""PostToolUseFailure""]"	docs-def:README.md
once-per-state	hook.o_once	return	"[""new-finding"", ""already-fired"", ""no-finding""]"	"[""new-finding"", ""already-fired"", ""no-finding""]"	docs-def:README.md
append-state	hook.sigma_append	row	"[""event"", ""key""]"	"[""event"", ""key""]"	docs-def:README.md
rule-contract	evaluate.evaluate	return	"[""first-unpaid-finding"", ""silent""]"	"[""first-unpaid-finding"", ""silent""]"	docs-def:README.md
configuration	evaluate.load_cfg	return	"[""stdlib-json-config""]"	"[""stdlib-json-config""]"	docs-def:README.md
rule-source	evaluate.load_rows	return	"[""source-pinned-rules""]"	"[""source-pinned-rules""]"	docs-def:README.md
state-directory	hook.sigma_path	return	"[""MAKOTO_STATE_DIR"", ""default-state-dir""]"	"[""MAKOTO_STATE_DIR"", ""default-state-dir""]"	docs-def:README.md
