slot	inputs	outputs	requirements	loosest	filled-by	fill-status
PROGRAM_INPUT	{}	"{""defaults"":""one[map[String,JSON]]"",""external"":""one[map[String,JSON]]"",""fired"":""many[set[String]]"",""history"":""many[list[map[String,JSON]]]"",""raw"":""one[Bytes]"",""rule_source"":""many[list[map[String,JSON]]]""}"	detect,decode,settled,terminal,rule-permission,rule-worker,rule-rebrief,rule-absence,rule-thread,rule-quote,rule-plan,rule-retry,rule-time,rule-completion,rule-count,rule-probe,once,output,boundaries,store,configuration,sources,register,suite,ci,package,install,audit,done,handoff,awareness,focus,nohooks,scope-detio-bar,scope-causality,scope-why,scope,uninstall,limits	Any inhabited value of each declared math shape; relations initially admit every universe case		OPEN
decode	"{""raw"":""one[Bytes]""}"	"{""event"":""one[option[map[String,JSON]]]""}"	decode	Any inhabited value of each declared math shape; relations initially admit every universe case	plugin/makoto2/hook.py:d_in	CANDIDATE
configure	"{""defaults"":""one[map[String,JSON]]""}"	"{""config"":""one[map[String,JSON]]""}"	configuration	Any inhabited value of each declared math shape; relations initially admit every universe case	plugin/makoto2/evaluate.py:load_cfg	CANDIDATE
rules	"{""config"":""one[map[String,JSON]]"",""source"":""many[list[map[String,JSON]]]""}"	"{""rows"":""many[list[map[String,JSON]]]""}"	sources	Any inhabited value of each declared math shape; relations initially admit every universe case	plugin/makoto2/evaluate.py:load_rows	CANDIDATE
observe	"{""event"":""one[option[map[String,JSON]]]"",""history"":""many[list[map[String,JSON]]]""}"	"{""record"":""one[Record]""}"	settled	Any inhabited value of each declared math shape; relations initially admit every universe case	plugin/makoto2/observed.py:record	CANDIDATE
evaluate	"{""event"":""one[option[map[String,JSON]]]"",""record"":""one[Record]"",""rows"":""many[list[map[String,JSON]]]""}"	"{""finding"":""one[option[Finding]]""}"	detect,terminal,rule-permission,rule-worker,rule-rebrief,rule-absence,rule-thread,rule-quote,rule-plan,rule-retry,rule-time,rule-completion,rule-count,rule-probe,limits	Any inhabited value of each declared math shape; relations initially admit every universe case	plugin/makoto2/evaluate.py:evaluate	CANDIDATE
once	"{""finding"":""one[option[Finding]]"",""fired"":""many[set[String]]"",""record"":""one[Record]""}"	"{""decision"":""one[option[Finding]]"",""key"":""one[option[String]]""}"	once	Any inhabited value of each declared math shape; relations initially admit every universe case	plugin/makoto2/hook.py:o_once	CANDIDATE
emit	"{""decision"":""one[option[Finding]]"",""event"":""one[option[map[String,JSON]]]""}"	"{""response"":""one[map[String,JSON]]""}"	output	Any inhabited value of each declared math shape; relations initially admit every universe case	plugin/makoto2/hook.py:d_out	CANDIDATE
advance	"{""event"":""one[option[map[String,JSON]]]"",""history"":""many[list[map[String,JSON]]]"",""key"":""one[option[String]]""}"	"{""state"":""many[list[map[String,JSON]]]""}"	boundaries	Any inhabited value of each declared math shape; relations initially admit every universe case	plugin/makoto2/hook.py:main	CANDIDATE
persist	"{""config"":""one[map[String,JSON]]"",""state"":""many[list[map[String,JSON]]]""}"	"{""stored"":""many[list[map[String,JSON]]]""}"	store	Any inhabited value of each declared math shape; relations initially admit every universe case	plugin/makoto2/hook.py:sigma_path;plugin/makoto2/hook.py:sigma_read;plugin/makoto2/hook.py:sigma_append	CANDIDATE
register	"{""external"":""one[map[String,JSON]]"",""rows"":""many[list[map[String,JSON]]]""}"	"{""approval"":""one[Evidence]""}"	register	Any inhabited value of each declared math shape; relations initially admit every universe case		OPEN
validate	"{""approval"":""one[Evidence]"",""external"":""one[map[String,JSON]]"",""record"":""one[Record]"",""response"":""one[map[String,JSON]]""}"	"{""evidence"":""one[Evidence]""}"	suite,ci	Any inhabited value of each declared math shape; relations initially admit every universe case	tests/test_evaluate.py:<module>;tests/test_observed.py:<module>;tests/test_hook.py:<module>	PARTIAL
package	"{""config"":""one[map[String,JSON]]"",""evidence"":""one[Evidence]"",""external"":""one[map[String,JSON]]"",""rows"":""many[list[map[String,JSON]]]""}"	"{""artifact"":""one[Artifact]""}"	package,uninstall	Any inhabited value of each declared math shape; relations initially admit every universe case		OPEN
fresh	"{""artifact"":""one[Artifact]"",""external"":""one[map[String,JSON]]""}"	"{""receipt"":""one[Evidence]""}"	install	Any inhabited value of each declared math shape; relations initially admit every universe case		OPEN
audit	"{""artifact"":""one[Artifact]"",""external"":""one[map[String,JSON]]"",""stored"":""many[list[map[String,JSON]]]""}"	"{""receipt"":""one[Evidence]""}"	audit	Any inhabited value of each declared math shape; relations initially admit every universe case		OPEN
join	"{""approval"":""one[Evidence]"",""audit"":""one[Evidence]"",""fresh"":""one[Evidence]"",""validation"":""one[Evidence]""}"	"{""verdict"":""one[Verdict]""}"	done	Any inhabited value of each declared math shape; relations initially admit every universe case		OPEN
handoff	"{""external"":""one[map[String,JSON]]"",""verdict"":""one[Verdict]""}"	"{""bundle"":""one[Artifact]""}"	handoff,awareness,focus,nohooks,scope-detio-bar,scope-causality,scope-why,scope	Any inhabited value of each declared math shape; relations initially admit every universe case		OPEN
PROGRAM_OUTPUT	"{""bundle"":""one[Artifact]"",""response"":""one[map[String,JSON]]"",""stored"":""many[list[map[String,JSON]]]"",""verdict"":""one[Verdict]""}"	{}	detect,decode,settled,terminal,rule-permission,rule-worker,rule-rebrief,rule-absence,rule-thread,rule-quote,rule-plan,rule-retry,rule-time,rule-completion,rule-count,rule-probe,once,output,boundaries,store,configuration,sources,register,suite,ci,package,install,audit,done,handoff,awareness,focus,nohooks,scope-detio-bar,scope-causality,scope-why,scope,uninstall,limits	Any inhabited value of each declared math shape; relations initially admit every universe case		OPEN
