id	family	state	description	fix	needs	payload_fields	present_and_absent	why_not_evaluable
A2	SPEC	EVALUABLE	same spelling taken as same thing	canonicalize; test both directions	one reading and a held definition	PreToolUse Write/Edit .py content/new_string; successful source Read/WebFetch/full cat; cwd and disk existence; session writes	Written local import dependency exists and is neither read from source nor owned by this session; Stop narration and memory prose are not dependent written units.	
A3	SPEC	EVALUABLE	two sequences assumed to line up	join on a shared key	one reading and a held definition	PreToolUse tool_name=Write/Edit; tool_input.content/new_string Python AST	A3: bare zip call without strict=True. A4: dict literal with equal literal keys. B36: loop body calls re.match/search without loop else. No semantic claim beyond the register literal formula.	
A4	SPEC	EVALUABLE	duplicate keys; which one wins is unstated	define the winner; test both orders	one reading and a held definition	PreToolUse tool_name=Write/Edit; tool_input.content/new_string Python AST	A3: bare zip call without strict=True. A4: dict literal with equal literal keys. B36: loop body calls re.match/search without loop else. No semantic claim beyond the register literal formula.	
A5	SPEC	NOT-EVALUABLE	the context around the value was dropped	compare whole output, not the inner value	one reading and a held definition	No deterministic hook payload relation specified	Unavailable: No hook-visible context equivalence establishes whether the omitted wrapper changes truth.	No hook-visible context equivalence establishes whether the omitted wrapper changes truth.
A7	SPEC	EVALUABLE	one total hides parts that differ	compare per unit, at the grain you cite	one reading and a held definition	Stop claim.kind=pass, claim.subject (or fixed text reader); prior Bash tool_input.command, tool_response.exitCode	Settled success claim; latest settled run after the last edit is absent or unsuccessful, restricted to the subject when it is a command that ran.	
A11	SPEC	EVALUABLE	a re-emission counted as a fresh occurrence	count distinct content, not records	one reading and a held definition	PreToolUse Bash tool_input.command; prior settled same command exit; intervening Write/Edit events	A11: append command previously exited zero. E5/E10: same command previously exited nonzero. No Write/Edit since latest same-command event.	
A13	SPEC	EVALUABLE	a configured value described as a property	name which layer set it, and where it changes	one reading and a held definition	Earlier settled tool_response dict or JSON stdout: run, commits[].author/trailers/message; named_sets.MODEL	run=git log base..HEAD and one author exactly MODEL or trailer/message matching MODEL; undefined MODEL cannot establish membership.	
B2	SPEC	EVALUABLE	a set never counted, or absence, taken as proof	count the population independently, then the property	one reading and a held definition	PreToolUse Write/Edit tool_input.file_path, content/new_string; named_sets.TEST_PATH	Test path matches supplied TEST_PATH and entire replacement lacks word assert/raise/expect. This is the register syntactic tell; population/metric/mutation correctness without a witness is NOT-EVALUABLE.	
B7	SPEC	EVALUABLE	written or cited, enforced nowhere live	bind every rule to a check on every path	one reading and a held definition	Earlier settled tool_response dict or JSON stdout: terms[].term/check	Explicit TERMS row with check equal to empty string; absent check is unknown.	
B9	SPEC	EVALUABLE	an exemption with no checkable end	every waiver names a checkable discharge	one reading and a held definition	PreToolUse Write/Edit tool_input.content/new_string; named_sets.WAIVER	Owner-supplied WAIVER matches content and no until/expires/remove by word sequence. Checkability of an arbitrary prose discharge is NOT-EVALUABLE.	
B23	SPEC	EVALUABLE	a ceiling with slack only says yes	assert equality; retighten on each change	one reading and a held definition	PreToolUse Write/Edit tool_input.file_path, content/new_string; named_sets.TEST_PATH	Test path matches and assert len(...) < or <= integer is present instead of equality.	
B35	SPEC	EVALUABLE	the code exempts what the rule never mentions	enumerate exemptions from the code; each declared	one reading and a held definition	PreToolUse Write/Edit tool_input.content/new_string; named_sets.SUPPRESS	Owner-supplied suppression matches and no ADR-number declaration present.	
B36	SPEC	EVALUABLE	a recognizer's misses vanish instead of counting	report the residue it did not match	one reading and a held definition	PreToolUse tool_name=Write/Edit; tool_input.content/new_string Python AST	A3: bare zip call without strict=True. A4: dict literal with equal literal keys. B36: loop body calls re.match/search without loop else. No semantic claim beyond the register literal formula.	
C2	SPEC	NOT-EVALUABLE	couldn't run, or absence, forced into a valid value	carry not-evaluable in its own field	one reading and a held definition	PreToolUse.tool_input content/new_string, file_path; prior settled tool_input/tool_response; Stop.claim or fixed reader of last_assistant_message; settled tool_response JSON gate facts		Native hook prose cannot deterministically distinguish an invalid absence/identity proof from an ordinary validation report; missing a falsifier phrase is not a tell.
C6	SPEC	EVALUABLE	right number, wrong direction recorded	state the wanted direction beforehand	one reading and a held definition	PreToolUse Edit tool_input.file_path, old_string/old, new_string/new; named_sets.TEST_PATH	Test path and old == present; replacement <=, >= or word in present. Wanted direction without prior declared equality is NOT-EVALUABLE.	
C7	SPEC	EVALUABLE	an interrupted producer's partial output accepted	require a terminator or a count	one reading and a held definition	Stop claim.kind=done, claim.subject; current disk existence at cwd/subject	Done claim names a missing consumer artifact; present artifact satisfies this narrow tell. Existence alone does not prove consumer effect or completion.	
C10	SPEC	EVALUABLE	the answer arrived by a route you never read	name every route; absence needs all of them	one reading and a held definition	Stop claim.kind=shipped; prior settled Bash tool_input.command and tool_response.exitCode	Shipment claim without a successful git push or GitHub push_files/create_or_update_file/merge_pull_request receipt.	
C12	SPEC	EVALUABLE	a failure was counted but never named	name the failing identity in its own run	one reading and a held definition	Stop claim.kind=count, claim.names; prior settled command exits and output failure identities	Failure count omits failing identities whose latest settled subject run in the current turn remains failed.	
D13	SPEC	EVALUABLE	removing a set never listed, or whose members nest	list first, expand each member, act on exactly that	one reading and a held definition	PreToolUse Bash command; settled other-thread output; native UserPromptSubmit prompts	Pending command copies an explicit Run instruction from another thread without that command in native user instructions; narration is not action.	
E3	SPEC	EVALUABLE	a pattern that matched by accident	require an explicit intent marker	one reading and a held definition	Earlier settled tool_response dict or JSON stdout: run, commits[].author/trailers/message; named_sets.MODEL	run=git log base..HEAD and one author exactly MODEL or trailer/message matching MODEL; undefined MODEL cannot establish membership.	
E5	SPEC	EVALUABLE	a loop whose only exit is success	"cap it, with a path for ""still failing"""	one reading and a held definition	PreToolUse Bash tool_input.command; prior settled same command exit; intervening Write/Edit events	A11: append command previously exited zero. E5/E10: same command previously exited nonzero. No Write/Edit since latest same-command event.	
E10	SPEC	EVALUABLE	retrying without classifying the failure	map each class to retry or stop; name what changed	one reading and a held definition	PreToolUse Bash tool_input.command; prior settled same command exit; intervening Write/Edit events	A11: append command previously exited zero. E5/E10: same command previously exited nonzero. No Write/Edit since latest same-command event.	
E11	SPEC	EVALUABLE	an outer limit smaller than yours	name the limiting layer before retrying	one reading and a held definition	Earlier settled tool_response dict or JSON stdout: run, elapsed, budget	run=suite, numeric elapsed and budget present, elapsed >= budget. Missing timing or outer budget is unknown.	
E12	SPEC	EVALUABLE	rewording can't grant what you can't hold	read which attribute the gate inspects	one reading and a held definition	Earlier settled Launch receipt hook_event_name, settings.disableAllHooks, settings.enabledPlugins.makoto; named_sets.PLUGIN and disk	Launch record explicitly disables hooks, lacks enabled makoto, or declared plugin path absent. No launch receipt => unknown.	
E13	SPEC	EVALUABLE	a detached task waits on input nobody sends	close or redirect every channel you don't feed	one reading and a held definition	PreToolUse Agent tool_input.prompt; prior Agent prompt; settled verifier events	Same prompt seen; no verifier since latest Agent. Detached stdin state without a channel witness is NOT-EVALUABLE.	
G2	SPEC	EVALUABLE	a settled quantity or decision sent out as open	derive it; ask only what survives derivation	one reading and a held definition	Stop last_assistant_message fixed question/plan reader; earlier Stop questions	Explicit Plan: heading without a native user request for a plan; result narration mentioning a plan is silent.	
G3	SPEC	NOT-EVALUABLE	each part sees less than the answer spans	give one party the whole span	one reading and a held definition	No deterministic hook payload relation specified	Unavailable: No payload declares the complete required answer span and the context actually held by each party.	No payload declares the complete required answer span and the context actually held by each party.
G5	SPEC	EVALUABLE	cannot declared with the means already held	list what you hold before saying no	one reading and a held definition	Stop claim.kind=cannot; preceding UserPromptSubmit and PreToolUse events	Cannot claim present; no attempted tool invocation since latest user event. Whether tools actually suffice is NOT-EVALUABLE.	
A14	OTHER POINT	EVALUABLE	a cleanup mapped two distinct inputs onto one	assert count in equals count out	a second reading of the same thing	PreToolUse tool_input.content/new_string AST assignment dict comprehension, subsequent assertions	Single-generator key-call normalization of input into output present; no subsequent same-block assert len(input)==len(output).	
B4	OTHER POINT	EVALUABLE	a stand-in graded some or all, not the target	find where proxy and target disagree	a second reading of the same thing	Stop claim.kind=clean, claim.subject; earlier settled Bash command and exit	Named clean subject present; no observed same-command nonzero discriminating witness. Proxy/target disagreement without an explicit pair is NOT-EVALUABLE.	
B11	OTHER POINT	EVALUABLE	a failure attributed without a graded base	run the baseline; grade it on its own bar	a second reading of the same thing	PreToolUse Agent; earlier UserPromptSubmit and settled Bash/Read/Glob/Grep	User event present; no settled local probe after it. Graded baseline correctness without baseline run facts is NOT-EVALUABLE.	
B14	OTHER POINT	EVALUABLE	built and firing, never shown to help	measure with and without	a second reading of the same thing	Stop claim.kind=helps/claim.helps, claim.subject; settled tool_response.run_pair.subject/with/without	Helps claim has no same-subject run pair with unequal with/without values; missing either measurement cannot pay.	
B18	OTHER POINT	NOT-EVALUABLE	scored only on what it was built from	report on something you didn't build	a second reading of the same thing	No deterministic hook payload relation specified	Unavailable: No build provenance establishes whether evaluation inputs shaped the scored subject.	No build provenance establishes whether evaluation inputs shaped the scored subject.
B26	OTHER POINT	EVALUABLE	the guarantor of delivery died unnoticed	make its liveness an output; absence fails loud	a second reading of the same thing	Stop; earlier settled tool_response.launch and planted_event.fires	Explicit launch truthy and planted_event.fires absent/false; checker plant receipt with fires=true pays. Supervisor liveness and self identity without their facts are NOT-EVALUABLE.	
C8	OTHER POINT	EVALUABLE	the starter returned; the work still ran	wait on something the work itself emits	a second reading of the same thing	Stop claim.kind=running, claim.subject; prior tool_response output	Running claim present; no prior output naming job subject. Launcher exit alone is not the job emission.	
D1	OTHER POINT	EVALUABLE	a write, setting, or status taken as its effect	read back through the consumer before trusting or retrying	a second reading of the same thing	Stop claim.kind=done, claim.subject; current disk existence at cwd/subject	Done claim names a missing consumer artifact; present artifact satisfies this narrow tell. Existence alone does not prove consumer effect or completion.	
D4	OTHER POINT	EVALUABLE	a derivative older than its source	key on content; regenerate and compare	a second reading of the same thing	Write/Edit content/new_string or Stop text refs; earlier successful source reader identity/content hash; current tree hash/disk bytes	Cited identity successfully read from a non-own source; source.read hash differs from current tree/disk hash. Remote current hash absent => unknown; unverified missing local reference silent.	
D8	OTHER POINT	EVALUABLE	proven small, or in another form	exercise at real magnitude, in the shipped form	a second reading of the same thing	Stop; settled tool_response.run.form/size, shipped.form, real.size	Recorded run/shipped forms differ or numeric run size is below real size; missing paired facts => unknown.	
D11	OTHER POINT	EVALUABLE	the edit drowned in a whole-artifact rewrite	bound the change, or append	a second reading of the same thing	PreToolUse Write tool_input.file_path; current disk at cwd/path	Whole-artifact Write targets existing path; Edit or absent destination does not meet inferred tell. Magnitude of edit drowning without a bound is NOT-EVALUABLE.	
D12	OTHER POINT	EVALUABLE	the copy shares the fate it should survive	re-read it after the boundary	a second reading of the same thing	PreToolUse Bash tool_input.command git checkout/switch/reset; earlier output/revision creation	Existing revision selection has no prior successful output naming revision; exclude branch creation and path checkout. Copy survival without boundary receipt is NOT-EVALUABLE.	
D14	OTHER POINT	EVALUABLE	a trial's residue could not be removed	prove the undo on that target first	a second reading of the same thing	Stop; settled tool_response.run=suite and git_status_after	Explicit nonempty git_status_after; absence of status is unknown.	
E7	OTHER POINT	EVALUABLE	it runs only here; ambient state stood in for conditions	set every condition; run from clean	a second reading of the same thing	PreToolUse Write/Edit tool_input.content/new_string	Literal if os.environ present. Whether environment was declared/set requires clean-run facts; unrelated strings/comments cannot establish ambient dependence.	
F2	OTHER POINT	EVALUABLE	one rule read independently wherever used, diverging -- between any two of them, or within one	one owner; every consumer calls it	a second reading of the same thing	PreToolUse Edit tool_input.file_path/new_string; prior Edit new_string/path and verifier events	Same replacement already edited another normalized path and no verifier since latest matching Edit. Ordinary independent replacements can share text; semantic rule ownership without identity is NOT-EVALUABLE.	
F7	OTHER POINT	EVALUABLE	it moved between the check and the act	re-verify within the same exclusion	a second reading of the same thing	Write/Edit content/new_string or Stop text refs; earlier successful source reader identity/content hash; current tree hash/disk bytes	Cited identity successfully read from a non-own source; source.read hash differs from current tree/disk hash. Remote current hash absent => unknown; unverified missing local reference silent.	
F8	OTHER POINT	EVALUABLE	the same alert forever, unread	suppress while unchanged; resurface on cadence	a second reading of the same thing	PreToolUse Bash command; settled other-thread output; native UserPromptSubmit prompts	Pending command copies an explicit Run instruction from another thread without that command in native user instructions; narration is not action.	
F14	OTHER POINT	EVALUABLE	no behavior change that changed behavior	compare behavior, not text	a second reading of the same thing	Stop; settled tool_response.ast.old/new and commit.message	No behavior change message and different parsed ASTs. Comments/formatting preserve AST; behavioral equivalence of arbitrary different ASTs is NOT-EVALUABLE.	
G1	OTHER POINT	EVALUABLE	answered, or cited evidence for, a nearby easier question	set each claim beside what it rests on	a second reading of the same thing	PreToolUse Write/Edit .py content/new_string; successful source Read/WebFetch/full cat; cwd and disk existence; session writes	Written local import dependency exists and is neither read from source nor owned by this session; Stop narration and memory prose are not dependent written units.	
A6	SWITCH	EVALUABLE	a threshold maps near-perfect to zero	assert output tracks input throughout	an act first, then the response	PreToolUse Write/Edit .py file_path and content/new_string AST	A6: integer 0/1 conditional on decimal >= threshold. C5: match lacks terminal unguarded wildcard raise. E1: assignment target never loaded in lexical scope. E9: handler repeats all try calls. Semantic reachability without input witnesses is NOT-EVALUABLE.	
B1	SWITCH	EVALUABLE	I wrote both the task and the oracle	see the verdict flip on a plant first	an act first, then the response	Stop; earlier settled tool_response.launch and planted_event.fires	Explicit launch truthy and planted_event.fires absent/false; checker plant receipt with fires=true pays. Supervisor liveness and self identity without their facts are NOT-EVALUABLE.	
B5	SWITCH	EVALUABLE	the metric is a constant, not a measure	check where each metric is written	an act first, then the response	PreToolUse Write/Edit tool_input.file_path, content/new_string; named_sets.TEST_PATH	Test path matches supplied TEST_PATH and entire replacement lacks word assert/raise/expect. This is the register syntactic tell; population/metric/mutation correctness without a witness is NOT-EVALUABLE.	
B10	SWITCH	EVALUABLE	fires on everything, so says nothing	measure its rate on benign input	an act first, then the response	Stop; earlier settled tool_response dict/JSON run and explicit comparison fields	B10 suite_on_clean_base checks contains nonzero. B21 plant reddened_rows set differs from singleton plant. B28 suite replay_sequence=false. B34 gate_on_own_tree verdict!=pass. B37 removal leaves before==after. C4 gate exitCode!=0. E8 shipped!=tested. F6 removal symmetric difference includes term other than removed term. Required comparison fields absent => unknown.	
B20	SWITCH	EVALUABLE	the input was edited, or the mutation changed nothing	the mutation must be observed to change the subject	an act first, then the response	PreToolUse Write/Edit tool_input.file_path, content/new_string; named_sets.TEST_PATH	Test path matches supplied TEST_PATH and entire replacement lacks word assert/raise/expect. This is the register syntactic tell; population/metric/mutation correctness without a witness is NOT-EVALUABLE.	
B21	SWITCH	EVALUABLE	a sibling condition gave the same answer	isolate each condition with its own input	an act first, then the response	Stop; earlier settled tool_response dict/JSON run and explicit comparison fields	B10 suite_on_clean_base checks contains nonzero. B21 plant reddened_rows set differs from singleton plant. B28 suite replay_sequence=false. B34 gate_on_own_tree verdict!=pass. B37 removal leaves before==after. C4 gate exitCode!=0. E8 shipped!=tested. F6 removal symmetric difference includes term other than removed term. Required comparison fields absent => unknown.	
B28	SWITCH	EVALUABLE	each case tested fresh; real runs are sequences	replay the real succession into shared state	an act first, then the response	Stop; earlier settled tool_response dict/JSON run and explicit comparison fields	B10 suite_on_clean_base checks contains nonzero. B21 plant reddened_rows set differs from singleton plant. B28 suite replay_sequence=false. B34 gate_on_own_tree verdict!=pass. B37 removal leaves before==after. C4 gate exitCode!=0. E8 shipped!=tested. F6 removal symmetric difference includes term other than removed term. Required comparison fields absent => unknown.	
B34	SWITCH	EVALUABLE	the law it enforces, its own machinery breaks name every region it cannot	run the artifact's own law over the artifact;	an act first, then the response	Stop; earlier settled tool_response dict/JSON run and explicit comparison fields	B10 suite_on_clean_base checks contains nonzero. B21 plant reddened_rows set differs from singleton plant. B28 suite replay_sequence=false. B34 gate_on_own_tree verdict!=pass. B37 removal leaves before==after. C4 gate exitCode!=0. E8 shipped!=tested. F6 removal symmetric difference includes term other than removed term. Required comparison fields absent => unknown.	
B37	SWITCH	EVALUABLE	a shorter equivalent exists; nothing asked an act proves them equal, not a reading	state the predicate twice, keep the shorter;	an act first, then the response	Stop; earlier settled tool_response dict/JSON run and explicit comparison fields	B10 suite_on_clean_base checks contains nonzero. B21 plant reddened_rows set differs from singleton plant. B28 suite replay_sequence=false. B34 gate_on_own_tree verdict!=pass. B37 removal leaves before==after. C4 gate exitCode!=0. E8 shipped!=tested. F6 removal symmetric difference includes term other than removed term. Required comparison fields absent => unknown.	
C3	SWITCH	EVALUABLE	one item's signal hides the rest	evaluate each item in isolation	an act first, then the response	Stop claim.kind=pass, claim.subject (or fixed text reader); prior Bash tool_input.command, tool_response.exitCode	Settled success claim; latest settled run after the last edit is absent or unsuccessful, restricted to the subject when it is a command that ran.	
C4	SWITCH	EVALUABLE	the checker failed, so the act proceeded	an error resolves as a denial	an act first, then the response	Stop; earlier settled tool_response dict/JSON run and explicit comparison fields	B10 suite_on_clean_base checks contains nonzero. B21 plant reddened_rows set differs from singleton plant. B28 suite replay_sequence=false. B34 gate_on_own_tree verdict!=pass. B37 removal leaves before==after. C4 gate exitCode!=0. E8 shipped!=tested. F6 removal symmetric difference includes term other than removed term. Required comparison fields absent => unknown.	
C5	SWITCH	EVALUABLE	no branch for the shape that arrived	every dispatch ends in an error; feed foreign shapes	an act first, then the response	PreToolUse Write/Edit .py file_path and content/new_string AST	A6: integer 0/1 conditional on decimal >= threshold. C5: match lacks terminal unguarded wildcard raise. E1: assignment target never loaded in lexical scope. E9: handler repeats all try calls. Semantic reachability without input witnesses is NOT-EVALUABLE.	
C11	SWITCH	EVALUABLE	the outcome was emitted after the narration about it	emit the outcome first; reporting comes after	an act first, then the response	PreToolUse Write/Edit tool_input.file_path; read_claims kind=pass; named_sets.DOC_PATH; prior verifier observations	Documentation pass report present and no earlier verifier (command with a recorded nonzero exit).	
D9	SWITCH	EVALUABLE	the actor or rule is inside its own set	exclude self by identity; plant a real instance	an act first, then the response	Stop; earlier settled tool_response.launch and planted_event.fires	Explicit launch truthy and planted_event.fires absent/false; checker plant receipt with fires=true pays. Supervisor liveness and self identity without their facts are NOT-EVALUABLE.	
E1	SWITCH	EVALUABLE	a case that can never be selected	every branch needs a witness input	an act first, then the response	PreToolUse Write/Edit .py file_path and content/new_string AST	A6: integer 0/1 conditional on decimal >= threshold. C5: match lacks terminal unguarded wildcard raise. E1: assignment target never loaded in lexical scope. E9: handler repeats all try calls. Semantic reachability without input witnesses is NOT-EVALUABLE.	
E8	SWITCH	EVALUABLE	each setting valid, the combination not	bisect, then pin the combination	an act first, then the response	Stop; earlier settled tool_response dict/JSON run and explicit comparison fields	B10 suite_on_clean_base checks contains nonzero. B21 plant reddened_rows set differs from singleton plant. B28 suite replay_sequence=false. B34 gate_on_own_tree verdict!=pass. B37 removal leaves before==after. C4 gate exitCode!=0. E8 shipped!=tested. F6 removal symmetric difference includes term other than removed term. Required comparison fields absent => unknown.	
E9	SWITCH	EVALUABLE	the fallback can't cover its own trigger	exercise it from the real failure state	an act first, then the response	PreToolUse Write/Edit .py file_path and content/new_string AST	A6: integer 0/1 conditional on decimal >= threshold. C5: match lacks terminal unguarded wildcard raise. E1: assignment target never loaded in lexical scope. E9: handler repeats all try calls. Semantic reachability without input witnesses is NOT-EVALUABLE.	
F6	SWITCH	EVALUABLE	removal resurrects, addition suppresses	walk the small state space	an act first, then the response	Stop; earlier settled tool_response dict/JSON run and explicit comparison fields	B10 suite_on_clean_base checks contains nonzero. B21 plant reddened_rows set differs from singleton plant. B28 suite replay_sequence=false. B34 gate_on_own_tree verdict!=pass. B37 removal leaves before==after. C4 gate exitCode!=0. E8 shipped!=tested. F6 removal symmetric difference includes term other than removed term. Required comparison fields absent => unknown.	
F12	SWITCH	NOT-EVALUABLE	the first plausible mechanism became it	verify one discriminating observation	an act first, then the response	No deterministic hook payload relation specified	Unavailable: No fixed competing mechanisms or discriminating observation relation is declared.	No fixed competing mechanisms or discriminating observation relation is declared.
B32	LINEAGE	NOT-EVALUABLE	the claim unfolds to itself; the proof is identity	reject a result whose proof does no work	the readings themselves	PreToolUse.tool_input content/new_string, file_path; prior settled tool_input/tool_response; Stop.claim or fixed reader of last_assistant_message; settled tool_response JSON gate facts		Native hook prose cannot deterministically distinguish an invalid absence/identity proof from an ordinary validation report; missing a falsifier phrase is not a tell.
F10	LINEAGE	EVALUABLE	trusting your own record of the event	re-derive or re-run it, or label it unverified	the readings themselves	Write/Edit content/new_string or Stop text refs; earlier successful source reader identity/content hash; current tree hash/disk bytes	Cited identity successfully read from a non-own source; source.read hash differs from current tree/disk hash. Remote current hash absent => unknown; unverified missing local reference silent.	
H1	LINEAGE	EVALUABLE	the next answer drawn from the last answer	go back to the source for every question	the readings themselves	PreToolUse Write/Edit .py content/new_string; successful source Read/WebFetch/full cat; cwd and disk existence; session writes	Written local import dependency exists and is neither read from source nor owned by this session; Stop narration and memory prose are not dependent written units.	
H2	LINEAGE	EVALUABLE	an earlier answer consumed as still true	read the source again, once, last	the readings themselves	Write/Edit content/new_string or Stop text refs; earlier successful source reader identity/content hash; current tree hash/disk bytes	Cited identity successfully read from a non-own source; source.read hash differs from current tree/disk hash. Remote current hash absent => unknown; unverified missing local reference silent.	
H3	LINEAGE	EVALUABLE	a change reasoned from other changes	order by dependence; one change per pass	the readings themselves	PreToolUse Edit tool_input.file_path/new_string; prior Edit new_string/path and verifier events	Same replacement already edited another normalized path and no verifier since latest matching Edit. Ordinary independent replacements can share text; semantic rule ownership without identity is NOT-EVALUABLE.	
H4	LINEAGE	EVALUABLE	each item read through prior conclusions	judge once up front; each read a token	the readings themselves	PreToolUse Write/Edit .py content/new_string; successful source Read/WebFetch/full cat; cwd and disk existence; session writes	Written local import dependency exists and is neither read from source nor owned by this session; Stop narration and memory prose are not dependent written units.	
H5	LINEAGE	EVALUABLE	a thing pointed at, never read from source	name it as a row from the source first	the readings themselves	PreToolUse Write/Edit .py content/new_string; successful source Read/WebFetch/full cat; cwd and disk existence; session writes	Written local import dependency exists and is neither read from source nor owned by this session; Stop narration and memory prose are not dependent written units.	
H6	LINEAGE	EVALUABLE	a unit answering to nothing in the source	one source claim per unit, or delete it	the readings themselves	PreToolUse Write/Edit .py content or assembled replacement; prior successful non-own source Read output with Requirements/Claims/Contract heading; function name and docstring/comments	PreToolUse Write/Edit Python function absent from read # Requirements/# Claims/# Contract inventory and no docstring/comment source reference in successful source reads; no closed inventory => NOT-EVALUABLE	
