step	slot	shape	removed	fixpoint
0	PROGRAM_INPUT	"{""inputs"":{},""outputs"":{""defaults"":""one[map[String,JSON]]"",""external"":""one[map[String,JSON]]"",""fired"":""many[set[String]]"",""history"":""many[list[map[String,JSON]]]"",""raw"":""one[Bytes]"",""rule_source"":""many[list[map[String,JSON]]]""},""relations"":{}}"	0	no
0	decode	"{""inputs"":{""raw"":""one[Bytes]""},""outputs"":{""event"":""one[option[map[String,JSON]]]""},""relations"":{""decode"":[""invalid:fabricated"",""invalid:none"",""valid:lost"",""valid:preserved""]}}"	0	no
0	configure	"{""inputs"":{""defaults"":""one[map[String,JSON]]""},""outputs"":{""config"":""one[map[String,JSON]]""},""relations"":{""configuration"":[""default:documented"",""default:undocumented"",""override:documented"",""runtime:stdlib_py311plus"",""runtime:third_party_required""]}}"	0	no
0	rules	"{""inputs"":{""config"":""one[map[String,JSON]]"",""source"":""many[list[map[String,JSON]]]""},""outputs"":{""rows"":""many[list[map[String,JSON]]]""},""relations"":{""sources"":[""external_words:created_on_install"",""external_words:optional"",""pin_missing:accepted"",""pinned:fixture_agreement"",""provenance:certified"",""provenance:not_certified""]}}"	0	no
0	observe	"{""inputs"":{""event"":""one[option[map[String,JSON]]]"",""history"":""many[list[map[String,JSON]]]""},""outputs"":{""record"":""one[Record]""},""relations"":{""settled"":[""denied:deed"",""denied:not_deed"",""other_object:not_witness"",""other_object:witness"",""other_turn:conflated"",""other_turn:distinct"",""pending:deed"",""pending:not_deed"",""settled:observed""]}}"	0	no
0	evaluate	"{""inputs"":{""event"":""one[option[map[String,JSON]]]"",""record"":""one[Record]"",""rows"":""many[list[map[String,JSON]]]""},""outputs"":{""finding"":""one[option[Finding]]""},""relations"":{""detect"":[""no_obligation:silent"",""paid_subject:finding"",""paid_subject:silent"",""unpaid_subject:finding"",""unpaid_subject:silent""],""limits"":[""claim_reader:absent"",""claim_reader:required"",""live:claimed_proven"",""live:unmeasured"",""quality:certified"",""quality:not_certified""],""rule-absence"":[""lookalike:finding"",""lookalike:silent"",""slip:finding"",""slip:silent""],""rule-completion"":[""lookalike:finding"",""lookalike:silent"",""slip:finding"",""slip:silent""],""rule-count"":[""lookalike:finding"",""lookalike:silent"",""slip:finding"",""slip:silent""],""rule-permission"":[""lookalike:finding"",""lookalike:silent"",""slip:finding"",""slip:silent""],""rule-plan"":[""lookalike:finding"",""lookalike:silent"",""slip:finding"",""slip:silent""],""rule-probe"":[""lookalike:finding"",""lookalike:silent"",""slip:finding"",""slip:silent""],""rule-quote"":[""lookalike:finding"",""lookalike:silent"",""slip:finding"",""slip:silent""],""rule-rebrief"":[""lookalike:finding"",""lookalike:silent"",""slip:finding"",""slip:silent""],""rule-retry"":[""lookalike:finding"",""lookalike:silent"",""slip:finding"",""slip:silent""],""rule-thread"":[""lookalike:finding"",""lookalike:silent"",""slip:finding"",""slip:silent""],""rule-time"":[""lookalike:finding"",""lookalike:silent"",""slip:finding"",""slip:silent""],""rule-worker"":[""lookalike:finding"",""lookalike:silent"",""slip:finding"",""slip:silent""],""terminal"":[""empty:not_witness"",""empty:witness"",""failure:not_witness"",""failure:witness"",""invalid:not_witness"",""invalid:witness"",""matching_terminal:witness"",""other_operation:not_witness"",""other_operation:witness"",""other_subject:not_witness"",""other_subject:witness"",""pending:not_witness"",""pending:witness"",""superseded:not_witness"",""superseded:witness""]}}"	0	no
0	once	"{""inputs"":{""finding"":""one[option[Finding]]"",""fired"":""many[set[String]]"",""record"":""one[Record]""},""outputs"":{""decision"":""one[option[Finding]]"",""key"":""one[option[String]]""},""relations"":{""once"":[""changed:finding"",""changed:forced_silent"",""first:finding"",""first:silent"",""unchanged:finding"",""unchanged:silent""]}}"	0	no
0	emit	"{""inputs"":{""decision"":""one[option[Finding]]"",""event"":""one[option[map[String,JSON]]]""},""outputs"":{""response"":""one[map[String,JSON]]""},""relations"":{""output"":[""no_finding:advisory"",""no_finding:silent"",""other_event:advisory"",""other_event:silent"",""pre_finding:allow"",""pre_finding:deny"",""stop_finding:allow"",""stop_finding:block"",""substop_finding:block""]}}"	0	no
0	advance	"{""inputs"":{""event"":""one[option[map[String,JSON]]]"",""history"":""many[list[map[String,JSON]]]"",""key"":""one[option[String]]""},""outputs"":{""state"":""many[list[map[String,JSON]]]""},""relations"":{""boundaries"":[""boundary:append_boundary"",""current_unsettled:not_paid"",""current_unsettled:paid"",""settled:append_effect"",""settled:discarded""]}}"	0	no
0	persist	"{""inputs"":{""config"":""one[map[String,JSON]]"",""state"":""many[list[map[String,JSON]]]""},""outputs"":{""stored"":""many[list[map[String,JSON]]]""},""relations"":{""store"":[""default:home_state"",""different_session:isolated"",""different_session:shared"",""eager:truncate"",""lazy:append"",""override:ignored"",""override:selected_state""]}}"	0	no
0	register	"{""inputs"":{""external"":""one[map[String,JSON]]"",""rows"":""many[list[map[String,JSON]]]""},""outputs"":{""approval"":""one[Evidence]""},""relations"":{""register"":[""amendment:automatic"",""amendment:owner_decides"",""recovery_only:approved"",""recovery_only:unproven"",""regression:attributed"",""regression:unattributed"",""semantic:approved""]}}"	0	no
0	validate	"{""inputs"":{""approval"":""one[Evidence]"",""external"":""one[map[String,JSON]]"",""record"":""one[Record]"",""response"":""one[map[String,JSON]]""},""outputs"":{""evidence"":""one[Evidence]""},""relations"":{""ci"":[""five_jobs:exact_head_pass"",""five_jobs:other_head_accepted"",""local:failure_accepted"",""local:pass"",""other_head:rejected""],""suite"":[""each_rule:slip_and_control"",""each_rule:slip_only"",""hook_assertions:absent"",""hook_assertions:six_unit_cases"",""observation:subject_bound"",""observation:unbound"",""source:missing"",""source:pinned""]}}"	0	no
0	package	"{""inputs"":{""config"":""one[map[String,JSON]]"",""evidence"":""one[Evidence]"",""external"":""one[map[String,JSON]]"",""rows"":""many[list[map[String,JSON]]]""},""outputs"":{""artifact"":""one[Artifact]""},""relations"":{""package"":[""contents:distributable"",""contents:missing"",""marketplace:plugin"",""marketplace:wrong_path"",""version:consistent"",""version:inconsistent""],""uninstall"":[""legacy:duplicate_execution"",""legacy:operator_cleanup"",""uninstall:state_deleted"",""uninstall:state_preserved""]}}"	0	no
0	fresh	"{""inputs"":{""artifact"":""one[Artifact]"",""external"":""one[map[String,JSON]]""},""outputs"":{""receipt"":""one[Evidence]""},""relations"":{""install"":[""control:blocked"",""control:silent"",""fresh_session:proven"",""intended_version:loaded"",""missing_plugin:accepted"",""missing_plugin:rejected"",""old_session:accepted"",""runtime:error_free"",""slip:blocked"",""wrong_version:accepted""]}}"	0	no
0	audit	"{""inputs"":{""artifact"":""one[Artifact]"",""external"":""one[map[String,JSON]]"",""stored"":""many[list[map[String,JSON]]]""},""outputs"":{""receipt"":""one[Evidence]""},""relations"":{""audit"":[""all_current:pinned_audited"",""dead:accepted"",""dead:rejected"",""duplicate:rejected"",""history:excluded"",""private_infra:rejected"",""secret:accepted"",""secret:rejected"",""tracked_only:accepted"",""worktree:clean"",""worktree:dirty_accepted""]}}"	0	no
0	join	"{""inputs"":{""approval"":""one[Evidence]"",""audit"":""one[Evidence]"",""fresh"":""one[Evidence]"",""validation"":""one[Evidence]""},""outputs"":{""verdict"":""one[Verdict]""},""relations"":{""done"":[""all_current:done"",""any_absent:done"",""any_absent:not_done"",""stale:done"",""stale:not_done""]}}"	0	no
0	handoff	"{""inputs"":{""external"":""one[map[String,JSON]]"",""verdict"":""one[Verdict]""},""outputs"":{""bundle"":""one[Artifact]""},""relations"":{""awareness"":[""changed_input:remeasure"",""idle:repeated_wake"",""parent:bounded_verdict"",""same_inputs:same_verdict"",""same_inputs:variable_verdict""],""focus"":[""failure:blocked_terminal"",""failure:remeasure_or_external"",""independent_work:wave"",""project:makoto"",""project:unrelated_work""],""handoff"":[""account_secret:required"",""missing_input:explicit_absence"",""missing_input:hidden"",""seed_and_mesh:portable""],""nohooks"":[""formation:credential_read"",""formation:declarative_only"",""formation:gate_run"",""formation:hook_run"",""runtime_transport:defined""],""scope"":[""formation:mesh_seed_only"",""formation:publish"",""history:preserved"",""history:rewritten"",""merge:automatic"",""merge:owner""],""scope-causality"":[""detio:excluded"",""detio:implemented_here""],""scope-detio-bar"":[""detio:excluded"",""detio:implemented_here""],""scope-why"":[""foreign_projects:excluded"",""foreign_projects:implemented_here"",""makoto:detection""]}}"	0	no
0	PROGRAM_OUTPUT	"{""inputs"":{""bundle"":""one[Artifact]"",""response"":""one[map[String,JSON]]"",""stored"":""many[list[map[String,JSON]]]"",""verdict"":""one[Verdict]""},""outputs"":{},""relations"":{}}"	0	no
1	PROGRAM_INPUT	"{""inputs"":{},""outputs"":{""defaults"":""one[map[String,JSON]]"",""external"":""one[map[String,JSON]]"",""fired"":""many[set[String]]"",""history"":""many[list[map[String,JSON]]]"",""raw"":""one[Bytes]"",""rule_source"":""many[list[map[String,JSON]]]""},""relations"":{}}"	0	yes
1	decode	"{""inputs"":{""raw"":""one[Bytes]""},""outputs"":{""event"":""one[option[map[String,JSON]]]""},""relations"":{""decode"":[""invalid:none"",""valid:preserved""]}}"	2	yes
1	configure	"{""inputs"":{""defaults"":""one[map[String,JSON]]""},""outputs"":{""config"":""one[map[String,JSON]]""},""relations"":{""configuration"":[""default:documented"",""override:documented"",""runtime:stdlib_py311plus""]}}"	2	yes
1	rules	"{""inputs"":{""config"":""one[map[String,JSON]]"",""source"":""many[list[map[String,JSON]]]""},""outputs"":{""rows"":""many[list[map[String,JSON]]]""},""relations"":{""sources"":[""external_words:optional"",""pinned:fixture_agreement"",""provenance:not_certified""]}}"	3	yes
1	observe	"{""inputs"":{""event"":""one[option[map[String,JSON]]]"",""history"":""many[list[map[String,JSON]]]""},""outputs"":{""record"":""one[Record]""},""relations"":{""settled"":[""denied:not_deed"",""other_object:not_witness"",""other_turn:distinct"",""pending:not_deed"",""settled:observed""]}}"	4	yes
1	evaluate	"{""inputs"":{""event"":""one[option[map[String,JSON]]]"",""record"":""one[Record]"",""rows"":""many[list[map[String,JSON]]]""},""outputs"":{""finding"":""one[option[Finding]]""},""relations"":{""detect"":[""no_obligation:silent"",""paid_subject:silent"",""unpaid_subject:finding""],""limits"":[""claim_reader:absent"",""live:unmeasured"",""quality:not_certified""],""rule-absence"":[""lookalike:silent"",""slip:finding""],""rule-completion"":[""lookalike:silent"",""slip:finding""],""rule-count"":[""lookalike:silent"",""slip:finding""],""rule-permission"":[""lookalike:silent"",""slip:finding""],""rule-plan"":[""lookalike:silent"",""slip:finding""],""rule-probe"":[""lookalike:silent"",""slip:finding""],""rule-quote"":[""lookalike:silent"",""slip:finding""],""rule-rebrief"":[""lookalike:silent"",""slip:finding""],""rule-retry"":[""lookalike:silent"",""slip:finding""],""rule-thread"":[""lookalike:silent"",""slip:finding""],""rule-time"":[""lookalike:silent"",""slip:finding""],""rule-worker"":[""lookalike:silent"",""slip:finding""],""terminal"":[""empty:not_witness"",""failure:not_witness"",""invalid:not_witness"",""matching_terminal:witness"",""other_operation:not_witness"",""other_subject:not_witness"",""pending:not_witness"",""superseded:not_witness""]}}"	36	yes
1	once	"{""inputs"":{""finding"":""one[option[Finding]]"",""fired"":""many[set[String]]"",""record"":""one[Record]""},""outputs"":{""decision"":""one[option[Finding]]"",""key"":""one[option[String]]""},""relations"":{""once"":[""changed:finding"",""first:finding"",""unchanged:silent""]}}"	3	yes
1	emit	"{""inputs"":{""decision"":""one[option[Finding]]"",""event"":""one[option[map[String,JSON]]]""},""outputs"":{""response"":""one[map[String,JSON]]""},""relations"":{""output"":[""no_finding:silent"",""other_event:silent"",""pre_finding:deny"",""stop_finding:block"",""substop_finding:block""]}}"	4	yes
1	advance	"{""inputs"":{""event"":""one[option[map[String,JSON]]]"",""history"":""many[list[map[String,JSON]]]"",""key"":""one[option[String]]""},""outputs"":{""state"":""many[list[map[String,JSON]]]""},""relations"":{""boundaries"":[""boundary:append_boundary"",""current_unsettled:not_paid"",""settled:append_effect""]}}"	2	yes
1	persist	"{""inputs"":{""config"":""one[map[String,JSON]]"",""state"":""many[list[map[String,JSON]]]""},""outputs"":{""stored"":""many[list[map[String,JSON]]]""},""relations"":{""store"":[""default:home_state"",""different_session:isolated"",""lazy:append"",""override:selected_state""]}}"	3	yes
1	register	"{""inputs"":{""external"":""one[map[String,JSON]]"",""rows"":""many[list[map[String,JSON]]]""},""outputs"":{""approval"":""one[Evidence]""},""relations"":{""register"":[""amendment:owner_decides"",""recovery_only:unproven"",""regression:attributed"",""semantic:approved""]}}"	3	yes
1	validate	"{""inputs"":{""approval"":""one[Evidence]"",""external"":""one[map[String,JSON]]"",""record"":""one[Record]"",""response"":""one[map[String,JSON]]""},""outputs"":{""evidence"":""one[Evidence]""},""relations"":{""ci"":[""five_jobs:exact_head_pass"",""local:pass"",""other_head:rejected""],""suite"":[""each_rule:slip_and_control"",""hook_assertions:six_unit_cases"",""observation:subject_bound"",""source:pinned""]}}"	6	yes
1	package	"{""inputs"":{""config"":""one[map[String,JSON]]"",""evidence"":""one[Evidence]"",""external"":""one[map[String,JSON]]"",""rows"":""many[list[map[String,JSON]]]""},""outputs"":{""artifact"":""one[Artifact]""},""relations"":{""package"":[""contents:distributable"",""marketplace:plugin"",""version:consistent""],""uninstall"":[""legacy:operator_cleanup"",""uninstall:state_preserved""]}}"	5	yes
1	fresh	"{""inputs"":{""artifact"":""one[Artifact]"",""external"":""one[map[String,JSON]]""},""outputs"":{""receipt"":""one[Evidence]""},""relations"":{""install"":[""control:silent"",""fresh_session:proven"",""intended_version:loaded"",""missing_plugin:rejected"",""runtime:error_free"",""slip:blocked""]}}"	4	yes
1	audit	"{""inputs"":{""artifact"":""one[Artifact]"",""external"":""one[map[String,JSON]]"",""stored"":""many[list[map[String,JSON]]]""},""outputs"":{""receipt"":""one[Evidence]""},""relations"":{""audit"":[""all_current:pinned_audited"",""dead:rejected"",""duplicate:rejected"",""history:excluded"",""private_infra:rejected"",""secret:rejected"",""worktree:clean""]}}"	4	yes
1	join	"{""inputs"":{""approval"":""one[Evidence]"",""audit"":""one[Evidence]"",""fresh"":""one[Evidence]"",""validation"":""one[Evidence]""},""outputs"":{""verdict"":""one[Verdict]""},""relations"":{""done"":[""all_current:done"",""any_absent:not_done"",""stale:not_done""]}}"	2	yes
1	handoff	"{""inputs"":{""external"":""one[map[String,JSON]]"",""verdict"":""one[Verdict]""},""outputs"":{""bundle"":""one[Artifact]""},""relations"":{""awareness"":[""changed_input:remeasure"",""parent:bounded_verdict"",""same_inputs:same_verdict""],""focus"":[""failure:remeasure_or_external"",""independent_work:wave"",""project:makoto""],""handoff"":[""missing_input:explicit_absence"",""seed_and_mesh:portable""],""nohooks"":[""formation:declarative_only"",""runtime_transport:defined""],""scope"":[""formation:mesh_seed_only"",""history:preserved"",""merge:owner""],""scope-causality"":[""detio:excluded""],""scope-detio-bar"":[""detio:excluded""],""scope-why"":[""foreign_projects:excluded"",""makoto:detection""]}}"	15	yes
1	PROGRAM_OUTPUT	"{""inputs"":{""bundle"":""one[Artifact]"",""response"":""one[map[String,JSON]]"",""stored"":""many[list[map[String,JSON]]]"",""verdict"":""one[Verdict]""},""outputs"":{},""relations"":{}}"	0	yes
