wire or pair	verdict	reason
w001	FOLD	identity input or direct variable binding; no transformation
w002	FOLD	identity input or direct variable binding; no transformation
w003	FOLD	identity input or direct variable binding; no transformation
w004	FOLD	identity input or direct variable binding; no transformation
w005	FOLD	identity input or direct variable binding; no transformation
w006	FOLD	identity input or direct variable binding; no transformation
w007	KEEP	transformed input crosses distinct slots
w008	KEEP	transformed input crosses distinct slots
w009	KEEP	transformed input crosses distinct slots
w010	KEEP	transformed input crosses distinct slots
w011	KEEP	transformed input crosses distinct slots
w012	KEEP	transformed input crosses distinct slots
w013	KEEP	transformed input crosses distinct slots
w014	KEEP	transformed input crosses distinct slots
w015	KEEP	transformed input crosses distinct slots
w016	KEEP	transformed input crosses distinct slots
w017	KEEP	transformed input crosses distinct slots
w018	KEEP	transformed input crosses distinct slots
w019	KEEP	transformed input crosses distinct slots
w020	KEEP	transformed input crosses distinct slots
w021	KEEP	transformed input crosses distinct slots
w022	KEEP	transformed input crosses distinct slots
w023	KEEP	transformed input crosses distinct slots
w024	KEEP	transformed input crosses distinct slots
w025	KEEP	transformed input crosses distinct slots
w026	KEEP	transformed input crosses distinct slots
w027	KEEP	transformed input crosses distinct slots
w028	KEEP	transformed input crosses distinct slots
w029	KEEP	transformed input crosses distinct slots
w030	KEEP	transformed input crosses distinct slots
w031	KEEP	transformed input crosses distinct slots
w032	KEEP	transformed input crosses distinct slots
w033	KEEP	transformed input crosses distinct slots
w034	KEEP	transformed input crosses distinct slots
w035	KEEP	transformed input crosses distinct slots
w036	KEEP	transformed input crosses distinct slots
w037	KEEP	transformed input crosses distinct slots
w038	KEEP	transformed input crosses distinct slots
w039	FOLD	identity input or direct variable binding; no transformation
w040	FOLD	identity input or direct variable binding; no transformation
w041	FOLD	identity input or direct variable binding; no transformation
w042	FOLD	identity input or direct variable binding; no transformation
w043	FOLD	identity input or direct variable binding; no transformation
w044	FOLD	identity input or direct variable binding; no transformation
